Latent Dimension,Train Loss,Test Loss,SVM Accuracy,Classification Report,Confusion Matrix
1,"[0.9341294014895404, 0.8428761031892564, 0.562310501381203, 0.3292555312315623, 0.29804462415200694, 0.28330381821703027, 0.2753332847798312, 0.26938514025123034, 0.26388407636571815, 0.25945394789731063, 0.25489176202703406, 0.2507205566874257, 0.24722118896466713, 0.24442800879478455, 0.24170394076241386, 0.2399179642951047, 0.23857360084851584, 0.23709665845941613, 0.23699961161171948, 0.2375684546099769, 0.23507445940264948, 0.2396159878483525, 0.24025253344465186, 0.23488427367475298, 0.23399211742259837, 0.23312844667169783, 0.2341192497147454, 0.232748634285397, 0.2332174551707727, 0.23067206585848773, 0.2302827978575671, 0.23033134584073667, 0.22709575461016762, 0.22759724160035452, 0.22800950871573555, 0.22497772066681473, 0.22525222765074837, 0.22114329757513823, 0.22165044479899937, 0.21966780446193837, 0.21371017782776444, 0.21636974645985496, 0.21191920891956048, 0.2089041112749665, 0.20676998186994483, 0.20436992634225776, 0.20356240537431505, 0.20444462531142765, 0.20153241301024402, 0.2000445204752463, 0.2051793000212422, 0.20226624332092427, 0.20056914841687237, 0.20065330189687233, 0.19658357236120436, 0.194140809001746, 0.1935364896500552, 0.19558156309304414, 0.19103543791506025, 0.19042443290904718, 0.18717297746075523, 0.18519450061851078, 0.18242512974474165, 0.18107862936125863, 0.18282469279236263, 0.1862608183313299, 0.17420529988076952, 0.17303178431811156, 0.17287119340013574, 0.16387107250867067, 0.15975523546889978, 0.15970964288270031, 0.15544781530344928, 0.15082354236532142, 0.1497865346846757, 0.1478453720057452, 0.14352281667568065, 0.1406977066287288, 0.1322237385643853, 0.13010871493154103, 0.12769539102360053, 0.17725743684503767, 0.1409148579394376, 0.1321985142098533, 0.12694566834855964, 0.12311023390955395, 0.11716709313569246, 0.11422027619900527, 0.11453325163435053, 0.11087660988171895, 0.11105406063574332, 0.11100921365949842, 0.1131015017076775, 0.11232025424639384, 0.10723136006682008, 0.102969354501477, 0.10112945017991243, 0.10011514607403013, 0.09993967027575881, 0.09822438132983667]","[0.8487343611540618, 0.7906667060322232, 0.4257554743025038, 0.3492363018018228, 0.3236293417436105, 0.31878306026811953, 0.3071324356176235, 0.30149475015975813, 0.29831298964994923, 0.29253113435374367, 0.2880684518151813, 0.28457142743799424, 0.28193599537566855, 0.2794351428747177, 0.2774286623354311, 0.275710290228879, 0.2740839929492385, 0.2749306090452053, 0.27147780634738783, 0.27365866634580827, 0.27586638651512285, 0.27844860321945614, 0.27197620548583845, 0.26734142943664835, 0.26928784173947795, 0.27055993400238176, 0.2676688763830397, 0.2706262916326523, 0.26641104453139836, 0.2600163353814019, 0.26445318979245647, 0.2599742881677769, 0.25841280542038103, 0.25672025812996757, 0.2564007733707075, 0.2586327614607634, 0.24814465310838488, 0.24747898236468988, 0.24078494972652859, 0.23730764786402384, 0.24185353462342862, 0.23205968958360176, 0.2294335597091251, 0.2263959894577662, 0.22699562708536783, 0.2268164654572805, 0.22732435001267326, 0.22289191241617556, 0.22053517511597387, 0.21961924268139732, 0.22442263254412897, 0.22509272672511912, 0.22469808602774585, 0.21824130912621817, 0.2179934404514454, 0.21509701179133522, 0.21472278237342834, 0.21259846345142083, 0.21442818807231057, 0.20679540987367984, 0.20841438074906668, 0.20814442579393033, 0.19883358037030255, 0.2008303067198506, 0.2092362344264984, 0.1973120034844787, 0.18701390039037774, 0.18201210211824487, 0.1836011227634218, 0.17384343290770496, 0.17333990887359338, 0.16756026060492904, 0.16477675846329443, 0.1681747039159139, 0.16135827258781152, 0.1512336372225373, 0.1534382402896881, 0.14322832171563749, 0.14416259582395907, 0.13894453755131475, 0.14837536491729594, 0.1602606409125858, 0.15030368279527734, 0.13538995026438325, 0.1252022805037322, 0.12598376445196294, 0.12407618705873136, 0.12776151796181998, 0.11599009456457915, 0.11891766361616275, 0.12572243147426182, 0.11244226660993364, 0.11747826553053325, 0.10997727789260724, 0.11075549903843138, 0.10523235080418764, 0.10602385081626751, 0.10286742559185734, 0.10347091599746987, 0.10228094568958988]",0.5666666666666667,"{'0': {'precision': 0.8723404255319149, 'recall': 0.5540540540540541, 'f1-score': 0.6776859504132232, 'support': 74.0}, '1': {'precision': 0.23255813953488372, 'recall': 0.625, 'f1-score': 0.33898305084745767, 'support': 16.0}, 'accuracy': 0.5666666666666667, 'macro avg': {'precision': 0.5524492825333993, 'recall': 0.589527027027027, 'f1-score': 0.5083345006303405, 'support': 90.0}, 'weighted avg': {'precision': 0.7586013524657762, 'recall': 0.5666666666666667, 'f1-score': 0.6174721016015315, 'support': 90.0}}","[[41, 33], [6, 10]]"
2,"[0.8356834164372197, 0.4516448312335544, 0.5007115006446838, 0.3561651552164996, 0.29202268410612037, 0.2766895183810481, 0.2689210049532078, 0.26391615359871473, 0.2593805227014754, 0.25494610104295945, 0.24960037734773424, 0.2415410942501492, 0.22763737760208272, 0.20828249388270909, 0.189238206103996, 0.177093173066775, 0.1714565560773567, 0.1637105847950335, 0.1685889920702687, 0.1603876037730111, 0.14612076183160147, 0.13781928381434194, 0.1295020663075977, 0.11901014436174322, 0.1186503075339176, 0.1023604072354458, 0.0939159103565746, 0.08566899238913148, 0.07316726170204303, 0.0654764754904641, 0.0615646916407126, 0.05850799133380254, 0.04981479366068487, 0.046246600095872524, 0.04307449084741098, 0.03921630895800061, 0.03648574912437686, 0.0368637525373035, 0.03647273261513975, 0.037054293823462946, 0.032819469976756305, 0.030226250489552815, 0.029342405084106658, 0.03008583160462203, 0.029648495769059216, 0.031788142053065474, 0.029374266664187115, 0.029425964932198876, 0.02809155704798522, 0.030005159477392834, 0.027393431575210007, 0.02436973740933118, 0.026303629149441368, 0.023743897952415324, 0.024265086623253645, 0.023842645705574088, 0.02323912201380288, 0.023416155052405817, 0.0234520202157674, 0.02221258467546216, 0.023863563865975098, 0.021963948314940487, 0.02143372312464096, 0.021800633933809068, 0.02173153945693263, 0.021328645378903107, 0.022924188041576633, 0.02256300003716239, 0.021261745856867895, 0.021227760930304176, 0.02112539919714133, 0.0217326947108463, 0.02187750895542127, 0.021467324208330224, 0.021426351189061447, 0.020729462788612756, 0.022962486371397972, 0.021005054728852376, 0.020098637858474697, 0.01980814565387037, 0.020620455137557454, 0.019711815096713877, 0.02004879257745213, 0.020860116894322413, 0.02106075395864469, 0.02105140092748183, 0.019808349579020782, 0.018854167105423078, 0.01852159112415932, 0.01954060413495258, 0.022474322881963518, 0.021901279894842043, 0.02019083927626963, 0.019056662434229144, 0.019576537802263542, 0.018881778508700705, 0.019734912103524915, 0.020758017069763608]","[0.4775941945888378, 0.4582325286335415, 0.4583335640253844, 0.3028656133898982, 0.2878744673949701, 0.2775561097595427, 0.27124865132349507, 0.2679472808484678, 0.26424060320412673, 0.25972780695667974, 0.2551465553266031, 0.24531141806531837, 0.23064927536028404, 0.21282325740213748, 0.19848854839801788, 0.19127797142223077, 0.18544577558835348, 0.1821153097682529, 0.18345914008440795, 0.16813986941620154, 0.16242795741116559, 0.15028252369827694, 0.14239613132344353, 0.13576697089053966, 0.12401059131931376, 0.11119503417500744, 0.0984875460465749, 0.08968213959424584, 0.0778201897111204, 0.07473423235394337, 0.06474989445673095, 0.05764843495907607, 0.05163266302810775, 0.04881182685494423, 0.04435473887456788, 0.04211597820674932, 0.04148859509991275, 0.04331082581645913, 0.05066440792547332, 0.042231191570560135, 0.0354201496337299, 0.03434345919500898, 0.034087320099826214, 0.03252087802522712, 0.0389019008036013, 0.03521718126204279, 0.033125996934594934, 0.035756688840963224, 0.03174329438695201, 0.03178601015221189, 0.0307060191752734, 0.029035011099444494, 0.02946179249772319, 0.028566025680413953, 0.0274854255495248, 0.02854575906638746, 0.027844136028929992, 0.0267971551252736, 0.031078280950034107, 0.02677361204944275, 0.026628230249992123, 0.025845828224663383, 0.025784644263762015, 0.02660382952955034, 0.024886411511235766, 0.025899986150088133, 0.029158030947049458, 0.025037300117589808, 0.024633963350896484, 0.02657599078008422, 0.024801528081297874, 0.025460230876450187, 0.024305792697877797, 0.025159784834142083, 0.025926898544033367, 0.028023794845298485, 0.028316143003326875, 0.02436174272939011, 0.0249071702775028, 0.024809298071044462, 0.023286421369347308, 0.024366043852987112, 0.024598941068958352, 0.02452776836300338, 0.02780512879016223, 0.024163678357446636, 0.024281405395379773, 0.02265179526336767, 0.023838571203803574, 0.023133624241583876, 0.027054449543356895, 0.02791126983033286, 0.02412704647415214, 0.02296049954990546, 0.024352357067443705, 0.023980374137560528, 0.02541381700171365, 0.02409581036341411]",0.4888888888888889,"{'0': {'precision': 0.8888888888888888, 'recall': 0.43243243243243246, 'f1-score': 0.5818181818181818, 'support': 74.0}, '1': {'precision': 0.2222222222222222, 'recall': 0.75, 'f1-score': 0.34285714285714286, 'support': 16.0}, 'accuracy': 0.4888888888888889, 'macro avg': {'precision': 0.5555555555555556, 'recall': 0.5912162162162162, 'f1-score': 0.4623376623376623, 'support': 90.0}, 'weighted avg': {'precision': 0.7703703703703704, 'recall': 0.4888888888888889, 'f1-score': 0.5393362193362193, 'support': 90.0}}","[[32, 42], [4, 12]]"
3,"[0.736014974338037, 0.3675106642422853, 0.30581133122797366, 0.2896763715479109, 0.2810333084177088, 0.27439078799000494, 0.2686425138402868, 0.26332187762966863, 0.25752930619098524, 0.2538304141274205, 0.25306302309036255, 0.3049396850444652, 0.2991894748475816, 0.2666327429038507, 0.23824786477618748, 0.2163849009407891, 0.20151109827889335, 0.19337035605201014, 0.17582176515349635, 0.17447676647592475, 0.19103740293670585, 0.17157281521293852, 0.15552352589589577, 0.14861442369443398, 0.1332986393460521, 0.12062835169059259, 0.11097206120137815, 0.10060869129719557, 0.08897134827242957, 0.08373157210924008, 0.08224034612929379, 0.07287153684430653, 0.06408892875468289, 0.05963045469036809, 0.055876370105478496, 0.05224525542170913, 0.05039023138858654, 0.04554782035174193, 0.041960713626058015, 0.04027399089601305, 0.03916950703219131, 0.05306217074394226, 0.04114131325924838, 0.037911720711875846, 0.03407532245748573, 0.03264295585729458, 0.03060613545002761, 0.02977804398095166, 0.0277812951416881, 0.026992841175308934, 0.026345616275513614, 0.026809040732957697, 0.02570140755010976, 0.02649251654468201, 0.02542378429185461, 0.02502810699796235, 0.02392810610709367, 0.02303161002971508, 0.022843724254656722, 0.02371093699777568, 0.022601202199304546, 0.021485254927365867, 0.021860204912998057, 0.021533518684683024, 0.021081711131113547, 0.020724552718025667, 0.0194995301189246, 0.020219404836771666, 0.020232943886959995, 0.02041375913001873, 0.019666494525693082, 0.01933188081063606, 0.019859101209375594, 0.018803983512851927, 0.019472019160511316, 0.019591817080422683, 0.018298284185153467, 0.018325227209263377, 0.018769913525493058, 0.017946743923756812, 0.017754779783663927, 0.01748959195834619, 0.017710235590736072, 0.017383616072712122, 0.017198071987540635, 0.017645480732123058, 0.016269112730191812, 0.016331768077280786, 0.01733846714099248, 0.017197567693613195, 0.017034172942792927, 0.016601530490098177, 0.01623176597058773, 0.01558720779225782, 0.015944407114552125, 0.01546989960802926, 0.01482194248172972, 0.015496271834881217, 0.016979940580549063, 0.017237453617983393]","[0.3779329028394487, 0.22347835037443373, 0.19782561670850823, 0.19070520831478965, 0.18672733671135372, 0.18442125563268308, 0.18265090496451766, 0.18171422569840043, 0.18239372416778846, 0.18069153803366203, 0.268564569177451, 0.23567625990620367, 0.18822514403749396, 0.17258290008262353, 0.15264702588319778, 0.13736721376578012, 0.13437906211173092, 0.11916203244968697, 0.10901354004939397, 0.12417333048802835, 0.11825216478771633, 0.10533090846406089, 0.09739102036864669, 0.09402727473665166, 0.08258270154948588, 0.07888715314092459, 0.07512560362617175, 0.06531864294299373, 0.05739690556570336, 0.06642746594217089, 0.061110639461764586, 0.04882303763318945, 0.04577642223901219, 0.042486627068784505, 0.04026022884580824, 0.03927966414226426, 0.03869199890781332, 0.033834724307612134, 0.03329558049639066, 0.030366315333931533, 0.03546688774669612, 0.04246293560222343, 0.028816792631038913, 0.0269992599884669, 0.027134196211894352, 0.02501975834645607, 0.024551291363658728, 0.023484943296622346, 0.022148312172955938, 0.02172917120710567, 0.02301340943409337, 0.021388127503019792, 0.022677091053790517, 0.020868334401812818, 0.02010619212631826, 0.0197020519386839, 0.01942732968126182, 0.01927517164774515, 0.0186699904087517, 0.019011910970288294, 0.018192759749514086, 0.01742393109533522, 0.018118238904409938, 0.017971713613304827, 0.018224000930786133, 0.01695839767516763, 0.017006514662945713, 0.01745731042077144, 0.016644208312586502, 0.015733478038951202, 0.016662083221254526, 0.016809909259555517, 0.017108271346875915, 0.01564284051871962, 0.01683959875393797, 0.015173643379023782, 0.014723743967435978, 0.014888564159196836, 0.014553333736128278, 0.015177490983020377, 0.015831689384800417, 0.014801333382449768, 0.015425758988217072, 0.013875421033137374, 0.014860985007275033, 0.014762770591510667, 0.013625661946005292, 0.013472997135034314, 0.01528699992707482, 0.014659303895853184, 0.013573933220295995, 0.014707363107138209, 0.013291510753333569, 0.01334194438876929, 0.013363342801177944, 0.012217468409626573, 0.012319201465558123, 0.013202864366273085, 0.013861914751706299, 0.013662723927862115]",0.4888888888888889,"{'0': {'precision': 0.9117647058823529, 'recall': 0.4189189189189189, 'f1-score': 0.5740740740740741, 'support': 74.0}, '1': {'precision': 0.23214285714285715, 'recall': 0.8125, 'f1-score': 0.3611111111111111, 'support': 16.0}, 'accuracy': 0.4888888888888889, 'macro avg': {'precision': 0.571953781512605, 'recall': 0.6157094594594594, 'f1-score': 0.46759259259259256, 'support': 90.0}, 'weighted avg': {'precision': 0.7909430438842203, 'recall': 0.4888888888888889, 'f1-score': 0.5362139917695473, 'support': 90.0}}","[[31, 43], [3, 13]]"
4,"[0.7687950233618418, 0.37053779871375475, 0.2875140198954829, 0.2659540860741227, 0.25475673763840284, 0.2507861030322534, 0.24657095803154838, 0.24393756246125256, 0.24095114403300816, 0.23765102249604683, 0.23235234728565923, 0.22032373260568688, 0.19674669785632026, 0.17181695335441166, 0.1471055641218468, 0.1223748066910991, 0.09485977087859754, 0.07649054640421162, 0.06405244381339462, 0.05486490329106649, 0.04970521673008248, 0.044393249683909945, 0.04040356449506901, 0.03657492126027743, 0.03679565478254248, 0.03597831008610902, 0.03483999686108695, 0.030643167802029185, 0.02885369763330177, 0.02847055870073813, 0.02668415996487494, 0.025902808126476076, 0.025520872738626268, 0.025317523421512708, 0.024705805574302322, 0.024310088888914498, 0.023129494515834032, 0.023324300362556068, 0.023852760938030702, 0.021694232330278115, 0.0224580649562456, 0.024030186097930978, 0.023337274375889037, 0.022404263140978636, 0.02356889947421021, 0.022678395733237267, 0.023310860687935794, 0.024429860455846344, 0.02268529069368486, 0.022002996324940963, 0.021006019096131676, 0.020159852311567025, 0.021695556946926646, 0.021428616579484056, 0.021268009380609902, 0.020732631975853885, 0.021073609521543538, 0.02067552437936818, 0.020078509149176103, 0.021449720831932844, 0.02127693448629644, 0.02011514806913005, 0.019430465099436266, 0.01955788172091599, 0.02100463597862809, 0.021193252324506088, 0.020323135234691477, 0.02083348503543271, 0.02173798372624097, 0.020518967122943314, 0.01899302012666508, 0.018696830849404687, 0.019813729312132905, 0.019109215725351264, 0.019000624961875105, 0.018510370342819778]","[0.3929972262294204, 0.31409015754858655, 0.29261190361446804, 0.27925463959022806, 0.27407200248153124, 0.2704810577410239, 0.2659317061856941, 0.2638595192520707, 0.26058714588483173, 0.2565057023807808, 0.24730412993166181, 0.22702624290077775, 0.19759343564510345, 0.17160874991505234, 0.1411764638291465, 0.11315344246449294, 0.08901996469056164, 0.0757527981919271, 0.06216144727336036, 0.05737513510717286, 0.05081008657537125, 0.047678534562389054, 0.04170848070471375, 0.041332214794777056, 0.03979186941352156, 0.03981594693053652, 0.0372901768596084, 0.03194611381601404, 0.03090244517834098, 0.029772945231309644, 0.028454747119987453, 0.0302592099264816, 0.029223394338731414, 0.02777093500588779, 0.02628377390404542, 0.02563013043254614, 0.02607546105153031, 0.028046425362979924, 0.02441341712794922, 0.024891059880179388, 0.03321483427727664, 0.025877635408606794, 0.024639994595889694, 0.024515240004769078, 0.025188109182097292, 0.02511851379164943, 0.02499073309202989, 0.02338418188608355, 0.024677640930921944, 0.02555371641560837, 0.02344942741371967, 0.025571688112837297, 0.02530657272371981, 0.02380919842808335, 0.024826157562158727, 0.02388702519237995, 0.02397726431351017, 0.02269374448116179, 0.02515309179822604, 0.023071320692974108, 0.02335788444098499, 0.02349961824991085, 0.021072737389692554, 0.02280936555729972, 0.027778673641107702, 0.02073105476382706, 0.021610650130444102, 0.022800986413602477, 0.02404625448225825, 0.022871442139148712, 0.021505302749574184, 0.020879474709983224, 0.023213403713372018, 0.023653118698685256, 0.021142195565281092, 0.021805430796963197]",0.5777777777777777,"{'0': {'precision': 0.875, 'recall': 0.5675675675675675, 'f1-score': 0.6885245901639344, 'support': 74.0}, '1': {'precision': 0.23809523809523808, 'recall': 0.625, 'f1-score': 0.3448275862068965, 'support': 16.0}, 'accuracy': 0.5777777777777777, 'macro avg': {'precision': 0.5565476190476191, 'recall': 0.5962837837837838, 'f1-score': 0.5166760881854154, 'support': 90.0}, 'weighted avg': {'precision': 0.7617724867724868, 'recall': 0.5777777777777777, 'f1-score': 0.6274229005715721, 'support': 90.0}}","[[42, 32], [6, 10]]"
5,"[0.7390051627600634, 0.3379349951390867, 0.27949432090476706, 0.25608433617485893, 0.24749808068628665, 0.24190027956609372, 0.2388478810036624, 0.236492481496599, 0.23412198932082565, 0.23166988293329874, 0.22735676445342876, 0.21603654269818906, 0.19104070795906913, 0.17183110338670235, 0.1576764139312285, 0.15054665174749163, 0.16845829840059634, 0.15820001341678477, 0.14495128834689106, 0.1346676391032007, 0.12352363461697544, 0.09173427329019264, 0.06991453717152278, 0.0536747188479812, 0.044458585480848946, 0.04306452735154717, 0.03526904930671056, 0.03293371614482668, 0.030716987188767503, 0.029341222373423754, 0.0267427541591503, 0.02458981810896485, 0.02523384381223608, 0.026832573667720513, 0.0234409942533131, 0.02225831099268463, 0.0201904215608482, 0.02024727445785646, 0.018975230830687063, 0.01951723456106804, 0.01884320847414158, 0.019571520250152658, 0.01811553323986354, 0.018718416906065412, 0.01954229438194522, 0.01832185816709642, 0.017680637055525073, 0.016538971483155532, 0.0163384061306715, 0.01585005572134698, 0.019374153059389856, 0.01669231319317111, 0.01742537474880616, 0.01857762356047277, 0.016879186620590864, 0.016312469210889604, 0.015206858722700013, 0.014580883085727692, 0.014427291850248972, 0.014462688523862097, 0.013716354724709634, 0.013338516086891846, 0.01379348789514215, 0.013667163749535879, 0.01516888659723379, 0.02138884682898168, 0.01728806955118974, 0.01428344783683618, 0.013558981215788258, 0.013201082470240417, 0.012291793228575477, 0.013226065888173051, 0.013744761925880556, 0.012752184264913754, 0.01209667200843493, 0.011704263553299286, 0.01206980293823613, 0.013282431496514214, 0.012304282712715643, 0.012103541650705867, 0.011923145261351709, 0.012179450683847622, 0.012443203823985878, 0.011720641171214756, 0.012292921853562197]","[0.4614239511666475, 0.36555220241899844, 0.3255707963749214, 0.31175986263487077, 0.3047334419356452, 0.30085842145813835, 0.2975839641359117, 0.29531357906482836, 0.29239265344761034, 0.28768057845256945, 0.2792282689500738, 0.25402880156481705, 0.22331392213150306, 0.20298125622449098, 0.1916456619898478, 0.19709378756858684, 0.20465112449946227, 0.18682352977770347, 0.172511190727905, 0.16212519616992385, 0.12915349227410775, 0.09063214118833895, 0.06913057024832125, 0.05551947929241039, 0.05673433867869554, 0.04464953185783492, 0.04273286254869567, 0.03837355074507219, 0.03862976613971922, 0.03320587005604197, 0.030332376421601685, 0.031008551311161783, 0.03976834013506218, 0.028256698063126317, 0.03138347094257673, 0.026777536711759038, 0.02697461857287972, 0.025755691445536084, 0.025799771149953205, 0.024717957609229617, 0.024240476665673433, 0.025202754677997694, 0.02359875174308265, 0.03009665729822936, 0.02351913614957421, 0.02433792101564231, 0.024884159159329202, 0.02286638616135827, 0.022317106663076965, 0.0229607574917652, 0.021984092477295134, 0.020900832696093455, 0.02615086161703975, 0.022942766271255636, 0.020640035125392454, 0.02161245392980399, 0.019974164871705904, 0.02195727983834567, 0.020709213904208608, 0.021878102449355303, 0.019928006248341665, 0.020209066086897143, 0.020100180749539977, 0.02058595467220854, 0.0279216673915033, 0.02162673752065058, 0.021669463564952213, 0.02247603520475052, 0.019788917912929145, 0.019111382119633532, 0.01851399539521447, 0.021683019896348316, 0.019592250593834452, 0.018328021935842657, 0.01815414021688479, 0.0191348477922104, 0.01916494379164996, 0.01944095903524646, 0.018637129140120966, 0.01822620637162968, 0.018561619782337436, 0.01862690970301628, 0.018545849317753757, 0.0183450848347059, 0.018550852520598307]",0.5888888888888889,"{'0': {'precision': 0.8936170212765957, 'recall': 0.5675675675675675, 'f1-score': 0.6942148760330578, 'support': 74.0}, '1': {'precision': 0.2558139534883721, 'recall': 0.6875, 'f1-score': 0.3728813559322034, 'support': 16.0}, 'accuracy': 0.5888888888888889, 'macro avg': {'precision': 0.5747154873824839, 'recall': 0.6275337837837838, 'f1-score': 0.5335481159826305, 'support': 90.0}, 'weighted avg': {'precision': 0.780229809225356, 'recall': 0.5888888888888889, 'f1-score': 0.6370889169040169, 'support': 90.0}}","[[42, 32], [5, 11]]"
6,"[0.7573060305030258, 0.3400248885154724, 0.28458330366346574, 0.2668083806832631, 0.2598228564968816, 0.2552310534649425, 0.2508519247726158, 0.24427077919244766, 0.23038446572091845, 0.20494516690572104, 0.17762401865588295, 0.16969545516702864, 0.15407631435879954, 0.1529465345320878, 0.13886469630179582, 0.10773176451524098, 0.07657295424077246, 0.062425596018632255, 0.05738637623963533, 0.04698588023031199, 0.04109255514211125, 0.03783701077379562, 0.03520953110246747, 0.03494763774452386, 0.034079555353080784, 0.031096490306986704, 0.030104108706668572, 0.02731149319421362, 0.026484124224495004, 0.02611992508172989, 0.026401087503742288, 0.025870740551639487, 0.02626555550981451, 0.0260527896936293, 0.024616719051091758, 0.02454651609339096, 0.02272438837422265, 0.0222963429297562, 0.02273326822453075, 0.022339073389216705, 0.021771654141721903, 0.021364970477642835, 0.021230780174610792, 0.0236399227546321, 0.021577545407193678, 0.02091656721852444, 0.02010223014211213, 0.021398167229361005, 0.02287101842187069, 0.0206940784636471, 0.02327122042576472, 0.01982794205347697, 0.018493395229732548, 0.019207403305228108, 0.018436986401125236, 0.018861947374211416, 0.017984299196137324, 0.016900781128141616, 0.018090870507337427, 0.018273265687403856, 0.017693199286306346, 0.018375336434002274, 0.01780018203512386, 0.01719967496615869, 0.01655994334982501, 0.01646996620628569, 0.017670834161065244, 0.017065803347914306, 0.01773324491525138, 0.016769505416353542, 0.016764958561570557]","[0.3257198322702337, 0.2561931003023077, 0.2218808377230609, 0.21486487432762427, 0.20955231013121428, 0.20593493349022335, 0.2011350018006784, 0.1923352419226258, 0.17400956319438088, 0.14615451240981067, 0.12837731451899917, 0.12581794322640807, 0.12671559635135862, 0.11578931825028525, 0.0976479348761064, 0.07470495405572432, 0.055881181800806964, 0.05144794409473737, 0.044931411191269206, 0.03842197137850302, 0.035065032748712435, 0.031486362425817385, 0.032617932875399235, 0.032971096949444875, 0.02720803008587272, 0.027095280173752043, 0.026243508827907068, 0.024140001930020475, 0.024750363426627935, 0.02344318913916747, 0.024660229062040646, 0.02547938859573117, 0.029575024972911233, 0.021894580995043118, 0.025951318304847787, 0.023442339359058276, 0.0210075708175147, 0.020289103810985882, 0.020251939832060424, 0.02140627097752359, 0.020250172664721806, 0.019895277848398243, 0.024239255322350398, 0.023277506232261658, 0.019541839275647094, 0.019137540487227617, 0.019750373575974395, 0.019310311517781682, 0.022382179896036785, 0.04161225983666049, 0.021698913640446134, 0.018665531029303867, 0.017916549687032348, 0.019316499224967427, 0.019012762923483497, 0.018579819895051145, 0.017302471006082162, 0.01754112293322881, 0.02038602558551011, 0.01835658780678555, 0.017216006638827146, 0.017628066862622898, 0.019075200513557152, 0.017397499815733346, 0.01812510633910144, 0.017788854703583098, 0.01759259678699352, 0.01930878421774617, 0.01842546490607438, 0.01801887751315479, 0.017409022207613343]",0.5777777777777777,"{'0': {'precision': 0.8913043478260869, 'recall': 0.5540540540540541, 'f1-score': 0.6833333333333333, 'support': 74.0}, '1': {'precision': 0.25, 'recall': 0.6875, 'f1-score': 0.36666666666666664, 'support': 16.0}, 'accuracy': 0.5777777777777777, 'macro avg': {'precision': 0.5706521739130435, 'recall': 0.620777027027027, 'f1-score': 0.525, 'support': 90.0}, 'weighted avg': {'precision': 0.7772946859903382, 'recall': 0.5777777777777777, 'f1-score': 0.6270370370370371, 'support': 90.0}}","[[41, 33], [5, 11]]"
7,"[2.060975717173682, 0.8617016673088074, 0.5859743842372188, 0.3460998468928867, 0.30521666562115707, 0.2819831023613612, 0.27191627467120133, 0.26683031408875074, 0.2632601250101019, 0.2598725485580939, 0.25616005614951803, 0.25087095189977576, 0.24244917101330227, 0.22802075964433174, 0.20692477347674193, 0.18889035201734966, 0.1770096316381737, 0.17076803191944404, 0.15398357201505591, 0.13955201318970434, 0.12355939326462922, 0.10809720776699207, 0.09595213885660525, 0.09314844012260437, 0.07674397114250395, 0.06581295681772409, 0.06054406971843154, 0.05477862232537181, 0.04918556577629513, 0.047890655834365775, 0.043716039370607446, 0.041256945856191496, 0.039316615710655846, 0.03778384943251257, 0.04244363087194937, 0.04350927513506678, 0.03445474913826695, 0.03148593153390619, 0.029801878802202367, 0.030380136022965114, 0.028748210243604803, 0.029508361040993972, 0.02843389742904239, 0.026688080694940355, 0.02522082882070983, 0.026328783758260584, 0.025828473269939423, 0.026337745151034108, 0.024935619491669867, 0.023067621514201164, 0.024921419029986416, 0.02527699157319687, 0.026294320269867225, 0.025921524329869834, 0.023989185828853538, 0.022281650936713925, 0.021276440402423893, 0.02101041921586902, 0.020892648440268304, 0.021134935802331677, 0.022223945569109033, 0.021011183452275064, 0.01988851720536197, 0.020024710438317724, 0.019481061992269975, 0.01958558308305564, 0.019625525852596318, 0.018208986700133042, 0.019554881585968867, 0.018373558366740192, 0.017324932678430167, 0.01727788474548746, 0.020946012395951483, 0.01888535109659036, 0.01734105442409162, 0.016535392927902716, 0.01756361578763635, 0.01795164337036786, 0.01739065231824363, 0.017699036057348603, 0.01728382154747292, 0.01688520375777174, 0.016990843401462945, 0.015847543944363243, 0.01519165843449257, 0.015307691845077055, 0.014718018955102673, 0.01486583985388279, 0.01469391853445106, 0.01457606235312091, 0.014361167568023558, 0.014690311556613003, 0.014459568075835705, 0.013852620566332782, 0.013294595155726981, 0.013148034543350891, 0.014089983612023018, 0.014296882716869866, 0.013790151863186448, 0.015242807084211597]","[0.8649621164357221, 0.78841675652398, 0.2980714937051137, 0.25310822438310693, 0.23309490746921963, 0.2210613853401608, 0.21536147594451904, 0.21142068284529228, 0.20868021801665979, 0.20564713798187398, 0.20181224467577757, 0.19565230000902106, 0.18541243175665537, 0.16700534412154444, 0.15054929587576124, 0.13878654329865067, 0.13844476640224457, 0.12245912022060818, 0.11919077182257617, 0.10704451026739897, 0.09805436294387888, 0.08423461489103458, 0.08361581354229539, 0.07096384796831343, 0.05982078860203425, 0.056318871676921844, 0.04997999124504902, 0.044986178477605186, 0.04255328975893833, 0.038095165595964146, 0.040272233800755605, 0.04064173389364172, 0.03183245796848227, 0.03543595224618912, 0.044358688648100254, 0.02960384871672701, 0.030869558729507304, 0.02812610918449031, 0.026644357859536453, 0.02633846130360056, 0.0268392413854599, 0.029153733479755896, 0.025891393974975304, 0.02466532277564208, 0.024833568268352084, 0.02260297336788089, 0.026640432438364735, 0.024603188865714602, 0.02205234207212925, 0.022890100531555987, 0.027808490174788016, 0.021638147394966195, 0.025670527584022947, 0.0241224467754364, 0.021520894365730108, 0.021636994831539965, 0.02085781345764796, 0.01960312719974253, 0.018623739963880292, 0.0196600166597852, 0.019982040204383707, 0.0192944905548184, 0.020571177342423686, 0.018179445424013667, 0.019478768800143844, 0.018061556956834264, 0.018542809825804498, 0.017495972069877165, 0.019374153611284715, 0.01708436840110355, 0.016930044042291464, 0.017720015995480395, 0.019847553016410932, 0.0163320519581989, 0.015729408918155566, 0.016612255117959447, 0.01684127927378372, 0.017679843292744073, 0.016763718660782884, 0.01598827734037682, 0.014971902524983441, 0.016916378159765846, 0.01555022024722011, 0.015277455595356447, 0.01611216028255445, 0.014094538020866888, 0.014960527902951947, 0.013964775915223139, 0.014142405517675259, 0.013634471671172866, 0.01519112178572902, 0.014792652869666065, 0.013962791542764063, 0.014048312238796993, 0.01298782281163666, 0.01348755222365812, 0.0135669043218648, 0.013868761455847157, 0.01502874334929166, 0.015351974232881158]",0.6,"{'0': {'precision': 0.8958333333333334, 'recall': 0.581081081081081, 'f1-score': 0.7049180327868853, 'support': 74.0}, '1': {'precision': 0.2619047619047619, 'recall': 0.6875, 'f1-score': 0.37931034482758624, 'support': 16.0}, 'accuracy': 0.6, 'macro avg': {'precision': 0.5788690476190477, 'recall': 0.6342905405405406, 'f1-score': 0.5421141888072357, 'support': 90.0}, 'weighted avg': {'precision': 0.7831349206349206, 'recall': 0.5999999999999999, 'f1-score': 0.647032221594121, 'support': 90.0}}","[[43, 31], [5, 11]]"
8,"[0.9326301261230752, 0.8824851799894262, 0.8803697382962262, 0.8218695123990377, 0.5126763107600035, 0.30256519825370226, 0.27333446233360853, 0.2587198460543597, 0.2543773783577813, 0.2515512395788122, 0.2494999479364466, 0.24670479087917893, 0.24239793530216924, 0.2351603243086073, 0.22360061440202925, 0.20897490282853445, 0.19516515345485122, 0.18337615055066567, 0.17404582820556783, 0.16406389049909734, 0.15567422078715432, 0.14430273048303746, 0.12742735666257363, 0.09846942457887861, 0.07606806633649049, 0.06618380049864452, 0.051941160250593116, 0.04436080033580462, 0.03600491776510521, 0.030838022353472532, 0.028956540273847402, 0.027094792436670373, 0.025033599662560004, 0.02392527992250743, 0.02409631703738813, 0.023079469524047994, 0.022199929519383994, 0.02090457261160568, 0.020690753021174006, 0.019901083437380968, 0.02015011060844969, 0.018541322676119982, 0.01896078118847476, 0.0187389999628067, 0.01925241002054126, 0.01738366374263057, 0.017363902008919803, 0.01678747131868645, 0.016197208453107764, 0.016568771528976935, 0.016722010586548736, 0.016198054094005515, 0.016660117854674656, 0.015259110886189673, 0.014333453753756152, 0.01479302146644504, 0.014649380515846942, 0.01419570704025251, 0.014524604711267684, 0.014797279404269325, 0.014708760918842422, 0.014336360411511527, 0.014116962336831622, 0.013721843422562987, 0.015285192126477207]","[0.8614405062463548, 0.8302558086536549, 0.8032982371471546, 0.7441198869987771, 0.29453042591059647, 0.2572158696474852, 0.24755418411007635, 0.25592741039064193, 0.2367425318117495, 0.23548899315021657, 0.23470809724595812, 0.23309224402462994, 0.22553664556256048, 0.22635081851923908, 0.20825196968184578, 0.19090137437537866, 0.18000351941144024, 0.17038170607001693, 0.15964254295384442, 0.15144770951182754, 0.14327967553227036, 0.12522496614191267, 0.10907796356413099, 0.0812607181292993, 0.0702233350387326, 0.05711685479791076, 0.04885284437073602, 0.03839196292338548, 0.03321623043329627, 0.031055065630762664, 0.033527893048745615, 0.02965228811458305, 0.02891979601096224, 0.025694001190088415, 0.02546321179855753, 0.024219052245219547, 0.02684214766378756, 0.025202619325783517, 0.023286403329284104, 0.022498599908970022, 0.023297536014406768, 0.023283055948990362, 0.021600816812780168, 0.023271789774298668, 0.021878012283532706, 0.02047737839597243, 0.02252422411132742, 0.020933012167612713, 0.02010753233399656, 0.021007895814599813, 0.019996719710804797, 0.021089949403648025, 0.019649209799589933, 0.019521100584555556, 0.018260977886341238, 0.0197590590213184, 0.018318630892921378, 0.019410973759712995, 0.019029439185504562, 0.019702555473755906, 0.019906625703529076, 0.01964021349946658, 0.018704732052154012, 0.019268722514863366, 0.018822538769907422]",0.5777777777777777,"{'0': {'precision': 0.8913043478260869, 'recall': 0.5540540540540541, 'f1-score': 0.6833333333333333, 'support': 74.0}, '1': {'precision': 0.25, 'recall': 0.6875, 'f1-score': 0.36666666666666664, 'support': 16.0}, 'accuracy': 0.5777777777777777, 'macro avg': {'precision': 0.5706521739130435, 'recall': 0.620777027027027, 'f1-score': 0.525, 'support': 90.0}, 'weighted avg': {'precision': 0.7772946859903382, 'recall': 0.5777777777777777, 'f1-score': 0.6270370370370371, 'support': 90.0}}","[[41, 33], [5, 11]]"
9,"[0.7940959544093521, 0.35274306491569235, 0.27687865164544845, 0.25603685279687244, 0.2507379386160109, 0.24706824675754266, 0.24257194664743212, 0.234892961051729, 0.21729581113214846, 0.19218877068272344, 0.16349454500057078, 0.13528403198277508, 0.1153777894322519, 0.0851214889574934, 0.06865761677424113, 0.05575742186219604, 0.04995686850614018, 0.04099881718004191, 0.03494065862011026, 0.03186481873746271, 0.02972723929970353, 0.02850857094206192, 0.025663327218757734, 0.02414961862895224, 0.02399027244084411, 0.022541122166094957, 0.0214394624862406, 0.021269822148261248, 0.021802528381899552, 0.03291492164134979, 0.02818024165376469, 0.021887642434901662, 0.019500405389677594, 0.017987547821744724, 0.017113477888482588, 0.017035923070377774, 0.016287078011643003, 0.015391967431814582, 0.01482959581470048, 0.016228861071997218, 0.018007044714910013, 0.01658417581132165, 0.015074003832759681, 0.014499060533664844, 0.01421291087926538, 0.014647503176497089, 0.01716683570433546, 0.016336454354502535, 0.015666810347250214, 0.014362411539035815, 0.013277726592840973, 0.01309852784982434, 0.014164581653420572, 0.014790239226486947, 0.014655966587640621, 0.015442396548611147, 0.013888952908692536, 0.01227100083121547, 0.01294057750729499, 0.013904906671356273, 0.014882362482172472, 0.013872468119694127, 0.012497741694527643, 0.01214028384398531, 0.012597738144298395, 0.01225520853229143, 0.01165796250656799]","[0.3380261847266444, 0.26611080324208297, 0.24496278939423738, 0.23707646241894476, 0.23405311615378768, 0.2296858275378192, 0.2260665739024127, 0.21512798909787778, 0.1969900236085609, 0.1742322196563085, 0.1526058421090797, 0.1341692363774335, 0.10069223741690318, 0.07766449782583448, 0.05985941655106015, 0.04976631549221498, 0.04499980089841066, 0.03511105367430934, 0.030091282049262966, 0.027632882473645388, 0.025442174601334112, 0.024453713317160255, 0.024414437857491, 0.02222492814891868, 0.02182166809561076, 0.020951748860103113, 0.020305792076720133, 0.023899157152131752, 0.021164601185807475, 0.024099640893163504, 0.023493793482581776, 0.01913644787338045, 0.01793857049886827, 0.017411062769867754, 0.017626650148519763, 0.016560285593624467, 0.016632522421854513, 0.015793105449389527, 0.015733505840654725, 0.020056000738232223, 0.01902708487102279, 0.015716593022699708, 0.015415043949528976, 0.01513889173252715, 0.01572113187500724, 0.015267120053370794, 0.015565461030712834, 0.01726338508780356, 0.017071037173823075, 0.014894291620563578, 0.014822039270290622, 0.014046796942474666, 0.017311429259953676, 0.01669797970464936, 0.015014432922557549, 0.017556395864597073, 0.013557663152891176, 0.013888431092103323, 0.01395303607676868, 0.016524812551560224, 0.01799630877320413, 0.016478208893979038, 0.01451123133301735, 0.01529068292842971, 0.014842525952392153, 0.013720683615516734, 0.01407329745038792]",0.6444444444444445,"{'0': {'precision': 0.9038461538461539, 'recall': 0.6351351351351351, 'f1-score': 0.746031746031746, 'support': 74.0}, '1': {'precision': 0.2894736842105263, 'recall': 0.6875, 'f1-score': 0.4074074074074074, 'support': 16.0}, 'accuracy': 0.6444444444444445, 'macro avg': {'precision': 0.5966599190283401, 'recall': 0.6613175675675675, 'f1-score': 0.5767195767195767, 'support': 90.0}, 'weighted avg': {'precision': 0.7946243814664868, 'recall': 0.6444444444444445, 'f1-score': 0.6858318636096414, 'support': 90.0}}","[[47, 27], [5, 11]]"
10,"[0.7993755782092059, 0.3057503071096208, 0.2606034963219254, 0.2508123406657466, 0.2450193840044516, 0.2399307859164697, 0.23054166193361636, 0.20342330634593964, 0.15538836574112927, 0.10223799916329207, 0.06860340828144992, 0.05409237590652925, 0.040656928386953145, 0.034547256098853216, 0.03239176174004873, 0.03578773996344319, 0.033396100970330064, 0.029928892092020425, 0.02701433423768591, 0.024571745552950434, 0.023463282665168797, 0.023472563191144553, 0.025146229951469985, 0.025881165224644873, 0.02387408788005511, 0.023490069709994173, 0.021722494590061682, 0.020687163876438583, 0.01941282812643934, 0.019722458527044014, 0.01874705203981311, 0.019256142830407177, 0.019866474179757967, 0.019371686158356844, 0.01919097460254475, 0.018113526067248097, 0.016657680411029746, 0.017048122154341802, 0.016067107242566568, 0.01552721047429023, 0.015927163746069978, 0.016066663105178763, 0.014757939303914705, 0.01458280816398285, 0.014823727033756397, 0.015226412047114637, 0.01448915429689266, 0.014433322508853895, 0.013052602746972331, 0.014414915504554907, 0.013914250768721104, 0.012136493085159196, 0.012355395765216262, 0.012507366706375722, 0.012011050384629655, 0.011471422699590525, 0.012022756936925429, 0.01148171239980945, 0.013498345389962196, 0.012605280235961632, 0.012725298430908609]","[0.3525211457852964, 0.27385952572027844, 0.2630663089178227, 0.25282768187699495, 0.24842444614127832, 0.24202157998526538, 0.2254413300090366, 0.1846317924835064, 0.13384653048382866, 0.07853858531625182, 0.05550527807187151, 0.04674853267217124, 0.03454872089679594, 0.03175920944798876, 0.027643578471960844, 0.03210067686935266, 0.03187136331366168, 0.029242541089102073, 0.02498751892535775, 0.02487083572756361, 0.02258003365110468, 0.023559162255238603, 0.02824138994846079, 0.022574019652825815, 0.02361236705824181, 0.022193575898806255, 0.02098968769941065, 0.02190261016841288, 0.020589263247395004, 0.01877381569809384, 0.018498387946574775, 0.02094183675944805, 0.020691606388599786, 0.02101456963767608, 0.019233893810047045, 0.019311556178662512, 0.017219983351727326, 0.017300855506349494, 0.017220078208656224, 0.015535076321275145, 0.01661488334475844, 0.015028017573058605, 0.017027066330666894, 0.015745762804592098, 0.01779651465929217, 0.01583551022189635, 0.015362567268311977, 0.017552983671150827, 0.013896591374995533, 0.01647411310976302, 0.013230920665793948, 0.014141162236531576, 0.013857193808588717, 0.013535943641154855, 0.013757695650888814, 0.014129014547776294, 0.014051445552872287, 0.016396226188926784, 0.013588920546074709, 0.013253172204174378, 0.01374351160807742]",0.6444444444444445,"{'0': {'precision': 0.9038461538461539, 'recall': 0.6351351351351351, 'f1-score': 0.746031746031746, 'support': 74.0}, '1': {'precision': 0.2894736842105263, 'recall': 0.6875, 'f1-score': 0.4074074074074074, 'support': 16.0}, 'accuracy': 0.6444444444444445, 'macro avg': {'precision': 0.5966599190283401, 'recall': 0.6613175675675675, 'f1-score': 0.5767195767195767, 'support': 90.0}, 'weighted avg': {'precision': 0.7946243814664868, 'recall': 0.6444444444444445, 'f1-score': 0.6858318636096414, 'support': 90.0}}","[[47, 27], [5, 11]]"
11,"[0.6266881271644875, 0.362735140102881, 0.2752311306971091, 0.25589701422938593, 0.2482931238633615, 0.24050437410672507, 0.22429054589183242, 0.19883924198371392, 0.1775264706876543, 0.16256844445511145, 0.12748473027238139, 0.09526992837587993, 0.07890829885447467, 0.06150174692825035, 0.05320743429991934, 0.04597690301360907, 0.04079384943125425, 0.037783048771045824, 0.03563547313765243, 0.03384122418032752, 0.0300193030939058, 0.028919330487648647, 0.0284526154950813, 0.0267122702466117, 0.026233446956784638, 0.024432388237780996, 0.02448937524524, 0.021834675912503845, 0.021124555970783585, 0.022182104212266428, 0.02134021247426669, 0.01958670377455376, 0.017731527832371217, 0.017808423101626062, 0.019602956526257372, 0.02016338271399339, 0.018161469794533872, 0.017354088249029936, 0.016639756142265268, 0.015848465539790964, 0.01581456570851582, 0.01616906002163887, 0.01613976585644263, 0.01454089982090173, 0.014358019697721358, 0.014294510707259178, 0.014097657916998421, 0.013074513800718167, 0.013001091571317779, 0.013362659486355606, 0.013562243362819706, 0.013996896161525338, 0.013262220278934197, 0.012904095808389011, 0.012901567853987217, 0.013665104250389117, 0.013827717759542994, 0.012788455070996727, 0.012039276736753958, 0.012509719503146631, 0.01259146147856006, 0.011755925775678069, 0.01244715411491968, 0.011891649035667931, 0.013164083783825239, 0.015693620537166244, 0.013121342665895267, 0.011814335154162513, 0.011596106199754609, 0.011842818309863409, 0.01178974730687009, 0.012345083609775261, 0.013003243340386285, 0.011893226799589617, 0.01163279661839759, 0.010589232047398886, 0.010461247629589505, 0.009886620773209466, 0.00964104639435256, 0.00937557282547156, 0.01083568659507566, 0.012709163715717968, 0.01194858659679691, 0.010162438128005576, 0.009599221594355724, 0.009632154298877274, 0.009256302275591426, 0.009465574700799253, 0.010703176328981365, 0.050945329031458604, 0.029090121250461648, 0.12176293479623618, 0.07362251963328433, 0.03018275524179141, 0.020804114363811636, 0.016638464742788562]","[0.49012859993510777, 0.2807376782099406, 0.2477853861120012, 0.23671164004891007, 0.2306715774315375, 0.22068698041968876, 0.19913377198908064, 0.17604834338029227, 0.15842107159120064, 0.1436986470663989, 0.09552558925416735, 0.0767096984717581, 0.058025871162061336, 0.049043779295903665, 0.04595794984036022, 0.0399889854921235, 0.036772249473465815, 0.03585510190438341, 0.03413133185218881, 0.03003331301388917, 0.027379329419798322, 0.02798912957034729, 0.02610341549195625, 0.026978526471389666, 0.02579266095051059, 0.026221778174793278, 0.02232792221561626, 0.023208507509143265, 0.023106519132852554, 0.02233835978916398, 0.01976486019514225, 0.019482620612338738, 0.019109146945454455, 0.019832604806180352, 0.020395002776273975, 0.019766838255303877, 0.017836370263938552, 0.018805906038593362, 0.017375531571882742, 0.018147556111216545, 0.017515231751733355, 0.01687724246746964, 0.015361716073972208, 0.016444237971747364, 0.015894222452684684, 0.017132894791386747, 0.015588873031514662, 0.015613864486416182, 0.014737454967366325, 0.014821004950337939, 0.015017128411542487, 0.015317796626024775, 0.015243750410499397, 0.014283940609958436, 0.014792243294693806, 0.01633602366955192, 0.01591119473731076, 0.013870057304976162, 0.014899639964655594, 0.017331952367115905, 0.014410284520299346, 0.013459164580261265, 0.014048513163019109, 0.013826890020734735, 0.02003677030680356, 3.939161422351996, 0.013817857054096681, 0.013237365038582572, 0.014208661806252267, 0.014409019508295588, 0.014096734596899262, 0.016130087483260367, 0.01424356136057112, 0.014567500842666184, 0.013321562083782974, 0.0130059741506422, 0.012747086826022025, 0.012171347211632464, 0.011914868218203386, 0.012242782240112623, 0.018266988849198376, 0.014093476209651542, 0.01246556474102868, 0.011578453704714775, 0.011960885935911426, 0.01143065964182218, 0.011591742643051677, 0.012915451217580724, 0.013048838582579736, 0.03428446391114482, 0.022827396169304848, 0.13634660122571168, 0.03803009898574264, 0.021935130710955018, 0.018233090294180094, 0.017075779537359875]",0.6666666666666666,"{'0': {'precision': 0.9074074074074074, 'recall': 0.6621621621621622, 'f1-score': 0.765625, 'support': 74.0}, '1': {'precision': 0.3055555555555556, 'recall': 0.6875, 'f1-score': 0.42307692307692313, 'support': 16.0}, 'accuracy': 0.6666666666666666, 'macro avg': {'precision': 0.6064814814814815, 'recall': 0.6748310810810811, 'f1-score': 0.5943509615384616, 'support': 90.0}, 'weighted avg': {'precision': 0.8004115226337448, 'recall': 0.6666666666666666, 'f1-score': 0.7047275641025641, 'support': 90.0}}","[[49, 25], [5, 11]]"
12,"[0.7217376165919833, 0.4958362888406824, 0.2928473265082748, 0.25518070271721593, 0.24703623740761368, 0.24450523323482937, 0.2421803993207437, 0.23877045567388888, 0.2325034456120597, 0.21736399719008692, 0.19228288365734947, 0.1684803443926352, 0.13160025300803008, 0.11489734688290844, 0.09055726920013074, 0.07347542406232269, 0.0616177922045743, 0.053563484301169716, 0.046234112370897223, 0.040246605321213054, 0.03585164938811903, 0.03274448643679972, 0.03258902013853744, 0.028101139184501436, 0.026248130464443454, 0.024788544409804873, 0.023050637363835617, 0.02243947610259056, 0.022243817233377032, 0.025718182946244877, 0.0229114990129515, 0.021385918336885947, 0.022172913231231547, 0.02003643606547956, 0.017562986455029912, 0.016689495562955185, 0.01608474380164235, 0.015513558113188655, 0.0162386162965386, 0.016159232774818386, 0.014738336895351057, 0.014521679254593673, 0.014325474802818563, 0.014463666447058873, 0.014398716804054048, 0.01371893500564275, 0.014410826756998344, 0.01403226868973838, 0.01326697071393331, 0.013548744152541514, 0.012944296485296002, 0.012873668361593175, 0.012722138556893225, 0.012504553370591667, 0.012467927540893908, 0.012586502668758234, 0.011506575263208814, 0.011861853577472546, 0.01127666096996378, 0.011583684081280674, 0.011711486615240574, 0.012299007080771305, 0.011100293050899549, 0.010991335329082277, 0.01034035868252869, 0.009978072993733265, 0.010161303052747692, 0.010828943612674872, 0.01084803914030393, 0.010402150141696135, 0.010334969015309104, 0.012308723293244839, 0.013165922283574386, 0.012215113163822226, 0.011361590552109259]","[0.7127046673386185, 0.3565419713656108, 0.27047949918994196, 0.2543615467018551, 0.25156009086856135, 0.25018397746262727, 0.24718496093043574, 0.2433325273019296, 0.2337524879861761, 0.2127353173715097, 0.18857230301256533, 0.15916300040704232, 0.12817073309863056, 0.10655203130510119, 0.08601437233112476, 0.0729870840355202, 0.06373640674131888, 0.05518554951305742, 0.045305324925316706, 0.04012654142247306, 0.039024252030584544, 0.035952998532189265, 0.03230823010758117, 0.030823069590109366, 0.02837357532095026, 0.02656960873692124, 0.025229100551870134, 0.025913343799334985, 0.0271724759152642, 0.02784295269736537, 0.022770374875377725, 0.02603738796379831, 0.023165994358283502, 0.021835771147851592, 0.020896687551780983, 0.020724647850901994, 0.019589323964383867, 0.020181695620218914, 0.019303748729052366, 0.018470924761560228, 0.017927899680755758, 0.018463753163814545, 0.017989560409828468, 0.017133985956509907, 0.017711103790336184, 0.01780840285398342, 1.873272102188181, 0.016935591758401307, 0.017606333863955957, 0.01671978141422625, 0.015798330789914838, 0.017263990723424487, 0.015844609174463484, 0.017128403815958235, 0.015451187888781229, 0.01564844746004652, 0.015835833218362596, 0.015166259750171943, 0.015434409802158674, 0.014293302609412759, 0.015787593054550665, 0.014935475532655363, 0.014309864353250575, 0.014618241883538387, 0.013767143987395146, 0.014348267612081987, 0.014162584656366595, 0.014110868175824484, 0.014564385085746093, 0.015216433132688204, 0.015100515344076686, 0.018938314997487597, 0.014501410708935172, 0.017826162002704763, 0.01556718777175303]",0.6777777777777778,"{'0': {'precision': 0.9245283018867925, 'recall': 0.6621621621621622, 'f1-score': 0.7716535433070866, 'support': 74.0}, '1': {'precision': 0.32432432432432434, 'recall': 0.75, 'f1-score': 0.4528301886792453, 'support': 16.0}, 'accuracy': 0.6777777777777778, 'macro avg': {'precision': 0.6244263131055584, 'recall': 0.7060810810810811, 'f1-score': 0.6122418659931659, 'support': 90.0}, 'weighted avg': {'precision': 0.8178253725423537, 'recall': 0.6777777777777778, 'f1-score': 0.7149738358176927, 'support': 90.0}}","[[49, 25], [4, 12]]"
13,"[0.8628057131060848, 0.6661589167736195, 0.5490234317602934, 0.3070294890138838, 0.2644063339189247, 0.2501669702706514, 0.2463666962252723, 0.24386722566904845, 0.24143223022973095, 0.2361176872143039, 0.22326323665954448, 0.20113004302537, 0.18023551945333127, 0.1674974853241885, 0.15779380058800732, 0.1489982036528764, 0.10174864558158098, 0.07284606910414165, 0.060222957421232154, 0.05202711276985981, 0.050982437200016446, 0.04272372234198782, 0.03700046751786162, 0.033239641675242675, 0.03159300037832172, 0.029593592992535344, 0.02674931549915561, 0.02619001697059031, 0.024889358077888137, 0.023367828241101018, 0.02198602528207832, 0.021096817493714667, 0.021074422014256317, 0.020025412517565268, 0.019688646481544884, 0.018967073341762578, 0.019126846489531023, 0.018450469744426233, 0.016577783420130058, 0.016143514533285743, 0.016452825869675034, 0.01652373218288024, 0.015714139574103884, 0.014365539989537664, 0.014400106061387944, 0.01486451675494512, 0.014163517358678358, 0.014136724587943818, 0.013270896480039315, 0.013617971153170974, 0.01384891528222296, 0.013298446519507302, 0.013647684034098077, 0.014112925881312953, 0.013163908833154925, 0.013016769938446858, 0.012451761574656875, 0.011997250771081006, 0.011491757472632107, 0.011956225666734908, 0.012586594766212834, 0.012562619315253364, 0.012244503393217369, 0.014339585547093992, 0.012465798399514623, 0.011157227507619947, 0.011099071552356085, 0.010751170589140168, 0.01051131163344339, 0.0109951577183825, 0.010331877507269382, 0.009595114496295099, 0.010055313887143577, 0.010687318975450817, 0.010339786091612445, 0.010791224737962088, 0.00986827689188498, 0.010807570139015163, 0.013317520074822285, 0.011619684286415577, 0.010660611817406284, 0.010512580439724304, 0.00930593442171812, 0.008980317834626746, 0.009697723616328504, 0.008797614886942837, 0.008574043986973938, 0.008889999689051398, 0.011336183554872318, 0.009327826780025606, 0.00862375912429006, 0.008374833950289973, 0.009668544831651228]","[0.8018725139123423, 0.6758914104214421, 0.2985282838344574, 0.2738001964710377, 0.24163980395705612, 0.238721149387183, 0.23657018498138147, 0.23457980652650198, 0.2312417527039846, 0.22120719651381174, 0.20152365499072605, 0.17744040930712665, 0.16214271993548782, 0.15170497640415473, 0.1434355245696174, 0.12436354601824726, 0.07392819060219659, 0.061430605197394336, 0.05411113246723458, 0.05312297217271946, 0.046923097912912014, 0.043963114696520346, 0.03846589227517446, 0.03868161666172522, 0.03747916607945054, 0.03134752810001373, 0.03143893899740996, 0.029608789141531342, 0.028775431353736808, 0.027331814031910012, 0.02646429008907742, 0.026518365023312746, 0.027207589673775213, 0.025505119727717504, 0.02537886991545006, 0.02432200892104043, 0.02445978436757017, 0.02260504166285197, 0.021807500195723993, 0.02276612611280547, 0.02304083495228379, 0.022168966907042044, 0.020229408586466754, 0.020122899087490858, 0.019117718355523214, 0.020954349250705155, 0.021038335506562835, 0.019394062597442557, 0.019428327679634094, 0.01926454253218792, 0.01954040621165876, 0.018366930937325512, 0.019290989057885274, 0.021386659807629056, 0.02069113169003416, 0.017753881022885994, 0.018677727353793604, 0.016985102936073585, 0.018301694343487423, 0.018638442787859175, 0.018396998445192974, 0.018023329338541737, 0.018562240457093274, 0.019212206618653402, 0.016966915240994206, 0.01753741130232811, 0.016736367372451006, 0.017355298830403224, 0.017617191981386254, 0.016213734530740313, 0.015847511865474558, 0.015895686905693124, 0.016752958711650636, 0.01770555434955491, 0.016496980631792987, 0.016802001606535028, 0.016096609748072095, 0.02613370175714846, 0.01830768116094448, 0.017908271540094306, 0.01568043245761483, 0.01828510824728895, 0.014658660524421267, 0.01582406350859889, 0.015536826793794279, 0.015060704339433599, 0.014719506794655765, 0.01770285944695826, 0.017376645295708266, 0.01674231321171478, 0.015225913789537217, 0.015368012642418896, 0.01779096242454317]",0.6888888888888889,"{'0': {'precision': 0.9259259259259259, 'recall': 0.6756756756756757, 'f1-score': 0.7812500000000001, 'support': 74.0}, '1': {'precision': 0.3333333333333333, 'recall': 0.75, 'f1-score': 0.46153846153846156, 'support': 16.0}, 'accuracy': 0.6888888888888889, 'macro avg': {'precision': 0.6296296296296297, 'recall': 0.7128378378378378, 'f1-score': 0.6213942307692308, 'support': 90.0}, 'weighted avg': {'precision': 0.8205761316872427, 'recall': 0.6888888888888889, 'f1-score': 0.7244123931623931, 'support': 90.0}}","[[50, 24], [4, 12]]"
14,"[1.9122167306917686, 0.5535854057029441, 0.6048625840081109, 0.6054781167595474, 0.5168371432357364, 0.49536246723598903, 0.48456404937638176, 0.41522729617578014, 0.34550244940651786, 0.27373709391664575, 0.2540208642129545, 0.24444750282499525, 0.23181329943515636, 0.2134374816108633, 0.19411765149346105, 0.17843147505212714, 0.1641250208572105, 0.15323051147990757, 0.14443181510324832, 0.13595827172199884, 0.11190871397654216, 0.08265957194897863, 0.06245630813969506, 0.045376642848606465, 0.0334331474646374, 0.029246957489737758, 0.026338363480236795, 0.023854491473348054, 0.021758184526805526, 0.021134321819301003, 0.0219494661109315, 0.028394989462362394, 0.02315498550456983, 0.020924232210274094, 0.018327341208027467, 0.016909522521826956, 0.016438827125562563, 0.01612669308842332, 0.01651042561840128, 0.01620615860102353, 0.01502386387437582, 0.01396666939749762, 0.014392886000374952, 0.015284091579141441, 0.013808949540058771, 0.013827205877061243, 0.013443224649462435, 0.013223773454902348, 0.012479121106918211, 0.01192797810115196, 0.01168359902307943, 0.012707860416008366, 0.012566325944606905, 0.012251968185106913, 0.011406329529428924, 0.011724012317480865, 0.011299737522171604, 0.011340140123610143, 0.011239026328203854, 0.010748411770220156, 0.011099126879815702, 0.0115532829184775, 0.011531554300476003, 0.010702094063162804, 0.010187614847112584, 0.010335503973894648, 0.009989666097142079, 0.009215765770662713, 0.009087337836347244, 0.00974222279533192, 0.011530454511995669, 0.012410415715917392, 0.009845041152503755, 0.010505649744084588, 0.010288627197345098, 0.009858505800366402, 0.009635057162355494, 0.009236022761022603, 0.010096870897406782, 0.009164077333278127, 0.009976304584631213, 0.010777303621310878, 0.009976941160857677, 0.00883361786879875, 0.009317391741744898, 0.009347030754994464, 0.008606053388643044]","[0.46723766569738034, 0.5103103209424902, 0.6736131376690335, 0.5937993835519861, 0.3532413961710753, 0.45351416976363573, 0.3912628635212227, 0.36922701641365335, 0.26521651833145704, 0.23395301567183602, 0.21923717746028193, 0.2103543480237325, 0.19581561287244162, 0.1768772491702327, 0.15888176803235654, 0.14591235087977517, 0.1366977095603943, 0.12822895193541492, 0.12169682427688881, 0.10939829106684085, 0.08215144662945359, 0.06473101068426061, 0.0566589007223094, 0.03396351538874485, 0.030910036354153243, 0.0264407973046656, 0.024659523809397663, 0.021447521392945892, 0.020741476573877864, 0.021467138909631304, 0.026318017255376885, 0.02459930669930246, 0.0205835258519208, 0.020586911450933526, 0.016973072249028418, 0.01777651643863431, 0.016198415792098752, 0.01839712296647054, 0.016314809038131324, 0.01621289192526429, 0.013920922108270504, 0.014008892907036675, 0.020162969620691404, 0.014452638035571133, 0.014339865978669238, 0.01324469099442164, 0.014526100208361944, 0.014241889671043114, 0.013091421651619452, 0.013133788412367856, 0.013935479232006602, 0.014278272304821897, 0.013757062041097216, 0.012570258091997218, 0.01309207337046111, 0.012217794234553972, 0.013317418043260221, 0.012403533138610699, 0.012668655219453352, 0.013131380081176758, 0.014814296185418411, 0.013819944320453538, 0.012684328688515557, 0.011832118655244509, 0.012314184258381525, 0.011110698666285586, 0.011119144796221345, 0.01061114937894874, 0.011389960431390338, 0.01257356697762454, 0.012281365485654937, 0.011911540947578571, 0.01145996650060018, 0.012041099438512767, 0.012630701134050334, 0.011629645264259091, 0.010500698660810789, 0.012840610756366342, 0.012302406063234364, 0.012098484224191419, 0.011888451598308704, 0.01274705616136392, 0.011120244722675395, 0.011671614591722135, 0.012327706648243798, 0.010752383274612603, 0.011313968717500015]",0.6888888888888889,"{'0': {'precision': 0.9107142857142857, 'recall': 0.6891891891891891, 'f1-score': 0.7846153846153845, 'support': 74.0}, '1': {'precision': 0.3235294117647059, 'recall': 0.6875, 'f1-score': 0.44000000000000006, 'support': 16.0}, 'accuracy': 0.6888888888888889, 'macro avg': {'precision': 0.6171218487394958, 'recall': 0.6883445945945945, 'f1-score': 0.6123076923076922, 'support': 90.0}, 'weighted avg': {'precision': 0.8063258636788048, 'recall': 0.6888888888888889, 'f1-score': 0.7233504273504272, 'support': 90.0}}","[[51, 23], [5, 11]]"
15,"[0.7593711217244467, 0.3765707623075556, 0.272061946215453, 0.25158776839574176, 0.2463390153867227, 0.24260516519899722, 0.2359383073117998, 0.2194011879188043, 0.19237286845842996, 0.16562110296002142, 0.12911509805255467, 0.10123502407912854, 0.07458453984172256, 0.05942926500682478, 0.04997523874044418, 0.04116933378908369, 0.040739259096207445, 0.0345146764345743, 0.02989516703894845, 0.028750920323310076, 0.02669706623311396, 0.02467136995659934, 0.02347655918587137, 0.024192564327407767, 0.025215818029310968, 0.023113755509257317, 0.022157780826091766, 0.01947251831491788, 0.018377936410683172, 0.017461218767695956, 0.018461014247602887, 0.018839038425573596, 0.017588506832166954, 0.01706843812846475, 0.017233873200085428, 0.017655660605265036, 0.016905289902179328, 0.0167180506374549, 0.01592007948568574, 0.014624056371825712, 0.014706189364746765, 0.015375984867137892, 0.013948169364421456, 0.012863525637873897, 0.012197976793955874, 0.012396522901124425, 0.012364543939906138, 0.012557173285771299, 0.011920446736945046, 0.011303516932659678, 0.011860034014615748, 0.012692616493613631, 0.014271172729355318, 0.014291323238500842, 0.015153913793188555, 0.01414823297549177, 0.012751577284049105, 0.01128286683793973, 0.012453636775414148, 0.011509219425971861, 0.011433020337588258, 0.010644757844231746, 0.011512351222336292, 0.01123382823748721, 0.010227142315771844, 0.010364016466256645, 0.009870753554558312, 0.010129413326029424, 0.009649014928274684, 0.04103699340312569, 0.05464723954598109, 0.028929245071830572, 0.023411957340108022, 0.018510826104493054, 0.01466998440661916, 0.013182368336452378, 0.012765300563640065, 0.011221340305551334]","[0.6200288445861252, 0.3108449434792554, 0.2534077873936406, 0.24257941157729537, 0.23845604613975244, 0.2335540806805646, 0.2229740189181434, 0.19981311868738244, 0.1724248186305717, 0.13725607869801698, 0.1103625683872788, 0.07544465804541553, 0.061847685387840974, 0.04794704638145588, 0.041792289802321685, 0.03657135684733038, 0.036592118718005995, 0.030787033615288912, 0.030175569846674247, 0.02540523158731284, 0.024593656675683126, 0.02319742497746591, 0.023879893193090404, 0.023912002091054565, 0.022413333601973676, 0.023435220260311057, 0.021455907642289444, 0.01952339605324798, 0.019490724567461898, 0.017960952939810575, 0.021061150978008907, 0.021157727956219955, 0.01747430605744874, 0.01856108492723218, 0.020843533454117952, 0.018254474150361837, 0.019105396336979337, 0.017340397117314516, 0.017626685193843313, 0.016379793416018838, 0.020249833732291504, 0.01587414010255425, 0.015713258335987728, 0.01407785686077895, 0.014437748533156183, 0.014501003203568634, 0.015421697869896889, 0.015562210438979996, 0.013156323797172971, 0.013057261774385417, 0.014436470275675808, 0.015367451779268406, 0.01641948797084667, 0.01659929662666939, 0.015733860157154226, 0.01672135169307391, 0.012639423832297325, 0.014610773573319117, 0.014579332744081816, 0.013296020734641287, 0.013151866832265147, 0.01417336813001721, 0.012879677772246025, 0.012818444106313918, 0.013020187478374553, 0.011942603797824294, 0.011711518694129255, 0.011555499914619658, 0.012756114618645774, 0.05722522294079816, 0.030747387696195533, 0.02391856218929644, 0.022164531948941725, 0.016691236653261714, 0.01635350390440888, 0.014524213348825773, 0.01371228788048029, 0.012896094885137346]",0.6666666666666666,"{'0': {'precision': 0.9074074074074074, 'recall': 0.6621621621621622, 'f1-score': 0.765625, 'support': 74.0}, '1': {'precision': 0.3055555555555556, 'recall': 0.6875, 'f1-score': 0.42307692307692313, 'support': 16.0}, 'accuracy': 0.6666666666666666, 'macro avg': {'precision': 0.6064814814814815, 'recall': 0.6748310810810811, 'f1-score': 0.5943509615384616, 'support': 90.0}, 'weighted avg': {'precision': 0.8004115226337448, 'recall': 0.6666666666666666, 'f1-score': 0.7047275641025641, 'support': 90.0}}","[[49, 25], [5, 11]]"
16,"[0.8370748614823377, 0.32017941276232403, 0.2676509409039109, 0.2527886728445689, 0.2449389304275866, 0.238162186410692, 0.22259423247090093, 0.1986098708929839, 0.17868208719624412, 0.16515421315475745, 0.14894432381347375, 0.11925904507990237, 0.085727046209353, 0.05671556694088159, 0.04439680457667068, 0.03940287563535902, 0.03408552319915206, 0.03128197402865798, 0.030413163756882702, 0.031978143724026506, 0.028562391107832943, 0.024388026515090908, 0.02340628813814234, 0.022266359516867885, 0.021642235142213327, 0.021573058777937183, 0.020039400430741133, 0.019450376155199827, 0.01877701875788194, 0.01839706853584007, 0.017866474403827277, 0.016767326604436944, 0.016084758288882398, 0.0159438484934745, 0.01672109188856902, 0.017821926692569698, 0.017396639411648113, 0.015467227471095545, 0.01571764893553875, 0.014979065671839096, 0.0155263334788658, 0.01814992287782607, 0.015448383642015633, 0.013936013397243287, 0.014616645079244065, 0.013037502834642375, 0.01235741956366433, 0.012116438295278285, 0.012179694759349028, 0.012444993584520288, 0.012226155752109157, 0.012359683125935219, 0.01305431489729219, 0.014316396235867782, 0.013312473996645875, 0.013000496283725457, 0.011796602565381262, 0.011025113777981864, 0.01126331222002153, 0.010895911949100319, 0.010209707129332755, 0.010757313351388331, 0.011715748485315728, 0.01091356578938387, 0.011207140188802171, 0.010769324446166004, 0.009866462641016201, 0.010334056250199123, 0.009651570322199, 0.0093494212185895, 0.009502813944386112, 0.008814102694116257, 0.009833528763718076, 0.013236416434800183, 0.011338478782110743, 0.011878947623901896, 0.010586400550824625, 0.009571048396605032, 0.008932813450142189, 0.008800867841475539, 0.008482767510469313, 0.008136275431348218, 0.007861649859006758, 0.008022429214583503, 0.008567683812644746, 0.009420683279771495, 0.008516817905560688, 0.008677116008820358, 0.010675360000243894, 0.01103425115622856, 0.01111510189043151, 0.009399397781601659, 0.008895674409965674, 0.008185335641933812]","[0.3766450892995905, 0.2755151059892442, 0.2439363333914015, 0.23158406217892966, 0.22666091168368305, 0.21689671057241935, 0.19566921613834523, 0.1753767673616056, 0.1580324277833656, 0.1475924739131221, 0.1281492930871469, 0.08778333387993, 0.06244983386110376, 0.04883158082763354, 0.04310607661803564, 0.03627138998773363, 0.03322365231536053, 0.031006544966388633, 0.03253159630629751, 0.034222021560978005, 0.027692086304779404, 0.025540788623469847, 0.02492741198727378, 0.02489923899648366, 0.024910189556302847, 0.02315784314716304, 0.021366760065710103, 0.0211662781873235, 0.020753526439269383, 0.020977745660477214, 0.01982594384915299, 0.017952023694912594, 0.018705327684680622, 0.01878662614358796, 0.02161534303040416, 0.01944158495300346, 0.018760546972906147, 0.01728120691108483, 0.018599944948046294, 0.016877764973927428, 0.018671212097009022, 0.018910941978295643, 0.01632844194493912, 0.018424532548696908, 0.017863523180562037, 0.01577723178046721, 0.016062040433839516, 0.014276949343857941, 0.014766139323236767, 0.014890516935675233, 0.014697897696384677, 0.015086237996540687, 0.019440335876963758, 0.016104220688618994, 0.014083814979703338, 0.014935432105428643, 0.01470512141370111, 0.014341644459852466, 0.014757583676664918, 0.013333056225544877, 0.014160411570359159, 0.014543669298291206, 0.014795751483352096, 0.015008060192620312, 0.01448317834486564, 0.01303423030508889, 0.012799069871781048, 0.013274472517271837, 0.013002039416244737, 0.012750078406598832, 0.012333010392332519, 0.014081080168209694, 0.01554158964642772, 0.013774794388424468, 0.01755859002608944, 0.012718048740040374, 0.012444439551068677, 0.012783877896489921, 0.012034010073101079, 0.012019227086393922, 0.011546058166358206, 0.011359744015391226, 0.011177786246494011, 0.011033788116441833, 0.012043195811134798, 0.013395812569393052, 0.011727528577601468, 0.012339744785869564, 0.017024274294575054, 0.01445731337837599, 0.013652838421640572, 0.013263197822703255, 0.012559837144282129, 0.011523614085658832]",0.6111111111111112,"{'0': {'precision': 0.9148936170212766, 'recall': 0.581081081081081, 'f1-score': 0.7107438016528925, 'support': 74.0}, '1': {'precision': 0.27906976744186046, 'recall': 0.75, 'f1-score': 0.4067796610169491, 'support': 16.0}, 'accuracy': 0.6111111111111112, 'macro avg': {'precision': 0.5969816922315685, 'recall': 0.6655405405405406, 'f1-score': 0.5587617313349208, 'support': 90.0}, 'weighted avg': {'precision': 0.8018582659849359, 'recall': 0.611111111111111, 'f1-score': 0.6567057322065025, 'support': 90.0}}","[[43, 31], [4, 12]]"
17,"[0.7938041620784335, 0.5008121331532797, 0.27888163096374935, 0.25099501565650656, 0.24355341438893918, 0.2396867937511868, 0.23308938300168072, 0.21577645396744763, 0.19039139703468042, 0.16576000109866815, 0.15577184988392723, 0.11763661603132884, 0.08718484667716203, 0.06299540869615695, 0.052379363871834894, 0.046586417213634206, 0.04913277648113392, 0.04828232492285746, 0.03960094711294881, 0.03272211310212259, 0.02898856473189813, 0.026735343728904373, 0.02435021612931181, 0.02264628462769367, 0.021049366712018295, 0.021319027783142194, 0.020578200135518004, 0.019791004696378, 0.018157233380609088, 0.017634225250394257, 0.016835722899823276, 0.01640361706139865, 0.015613491715932334, 0.015010873959572226, 0.013905445182764972, 0.013521248302249997, 0.012696402595826873, 0.0133996087781809, 0.015049394220113754, 0.014054136005816635, 0.012569782841536734, 0.012245150834873871, 0.013488865353994899, 0.014774772235088877, 0.014883399078691448, 0.013102486798608745]","[0.6896082229084439, 0.3648095958762699, 0.26601404834676673, 0.24935596739804303, 0.24626419500068383, 0.24217187309706653, 0.23065700519967963, 0.2056350647299378, 0.1831906509620172, 0.16011792669693628, 0.1456372014902256, 0.09315950478668567, 0.07644288573000166, 0.059381118803112594, 0.05687616682714886, 0.049507954744277174, 0.046144123568579005, 0.044817537483241826, 0.03624508736862077, 0.03233045325786979, 0.030900968997566787, 0.025909325245905807, 0.0255855370864824, 0.02352802441627891, 0.024543499160144065, 0.02127065399178752, 0.021908937022089958, 0.020825780997121776, 0.020554399117827415, 0.01834371616994893, 0.0195925317497717, 0.01814116127099152, 0.018795711471250764, 0.016870085908858863, 0.016577497262645652, 0.015432248340436706, 0.01705595850944519, 0.018070894431460788, 0.01642579526674968, 0.0168021890093331, 0.015597785961020875, 0.015945249961482152, 0.017510509980773484, 0.016979265199215325, 0.016279623257341207, 0.01687244632867751]",0.6333333333333333,"{'0': {'precision': 0.9019607843137255, 'recall': 0.6216216216216216, 'f1-score': 0.736, 'support': 74.0}, '1': {'precision': 0.28205128205128205, 'recall': 0.6875, 'f1-score': 0.4, 'support': 16.0}, 'accuracy': 0.6333333333333333, 'macro avg': {'precision': 0.5920060331825038, 'recall': 0.6545608108108107, 'f1-score': 0.5680000000000001, 'support': 90.0}, 'weighted avg': {'precision': 0.7917546505781801, 'recall': 0.6333333333333333, 'f1-score': 0.6762666666666667, 'support': 90.0}}","[[46, 28], [5, 11]]"
18,"[0.6133267989865056, 0.2893861973727191, 0.24921674364142948, 0.24095490905973646, 0.23660300064969947, 0.22709880162168433, 0.19914122256967756, 0.1579850200149748, 0.13004233964063502, 0.09924620334748868, 0.07598841217932878, 0.06431882704297702, 0.04926464058182858, 0.040353711832452704, 0.03456558287143707, 0.03002014804493498, 0.02747745377322038, 0.0254613580527129, 0.02377530497809251, 0.02267264947295189, 0.0216904747541304, 0.019044148563234893, 0.01860510037039165, 0.018481908986965816, 0.02240145816985104, 0.01989946652341772, 0.017418531356034456, 0.016704338499241404, 0.01502727337733463, 0.14693474721301486, 0.060784472359551325, 7885085.258034886, 0.865381794947165, 2.8584905995262995, 3.14981366969921, 6.259137365553114, 1.9243878700115062, 2848005.1074439087]","[0.37923180173944543, 0.28197277861612813, 0.26571750033784797, 0.26028268149605505, 0.2536700323775963, 0.23828620656772895, 0.1989160516747722, 0.1685884346564611, 0.1328304655573986, 0.10444419886227008, 0.08732516290964903, 0.07047834357729664, 0.05166204839392945, 0.04636202697400694, 0.039100052443919356, 0.035597910483678184, 0.0324195426095415, 0.03187899850308895, 0.03163864642933563, 0.02869555616268405, 0.02609455192254649, 0.024797228889332876, 0.024623902652550628, 0.024139533647232585, 0.0418801750573847, 0.02508426988842311, 0.023669669611586466, 0.022582023370045202, 0.02398125185734696, 0.07303151267546194, 0.0462356164223618, 0.7244300180011325, 2.075283271295053, 3.483956460599546, 2.884878564763952, 2.2169825898276434, 1.789647314283583, 0.8014819070144936]",0.6555555555555556,"{'0': {'precision': 0.9387755102040817, 'recall': 0.6216216216216216, 'f1-score': 0.7479674796747967, 'support': 74.0}, '1': {'precision': 0.3170731707317073, 'recall': 0.8125, 'f1-score': 0.45614035087719296, 'support': 16.0}, 'accuracy': 0.6555555555555556, 'macro avg': {'precision': 0.6279243404678945, 'recall': 0.7170608108108107, 'f1-score': 0.6020539152759948, 'support': 90.0}, 'weighted avg': {'precision': 0.8282506498534374, 'recall': 0.6555555555555556, 'f1-score': 0.6960871012218893, 'support': 90.0}}","[[46, 28], [3, 13]]"
19,"[0.7866332994567024, 0.5449317246675491, 0.30360264800213, 0.2592380146185557, 0.24502331128826849, 0.23999442822403377, 0.23463799942422797, 0.21875225724997344, 0.1810834898992821, 0.15870471795399985, 0.15117960947531242, 0.14105134181402348, 0.11534355994727877, 0.07810836478515908, 0.05981629810951374, 0.051551039020220436, 0.044020795711764586, 0.03651104453537199, 0.03269464012097429, 0.03129488547091131, 0.030890458228963392, 0.02739984307576109, 0.024935936486279522, 0.023398356650162627, 0.022323354457815487, 0.02105533331632614, 0.019691624782151647, 0.019992099591979274, 0.020353320434137626, 0.019618932985597186, 0.018219451385515707, 0.01722968035136108, 0.01670968270412198, 0.016582239212261304, 0.015280305097500483, 0.015934920352366235, 0.016169957195719082, 0.015171265988438218, 0.013626796848796032, 0.012997267698800122, 0.012595862322659404, 0.01243820769229421, 0.012225442117563, 0.012824085161641793, 0.012249223439505807, 0.01368703296477044, 0.022477899574571185, 0.02816717795751713, 0.020262946133260375, 0.014889332500320894]","[0.7606577807002597, 0.43707790970802307, 0.2873993560119911, 0.26572908957799274, 0.2601131636787344, 0.2569782331033989, 0.24835278204193822, 0.22056064782319246, 0.17919559721593503, 0.17726872861385345, 0.15323376076089013, 0.14316642118824852, 0.09824919645433072, 0.06941820957042553, 0.058324740992652044, 0.05024389950213609, 0.04333891885148154, 0.03901169228333014, 0.034485245744387306, 0.03864574584144133, 0.03358466909439475, 0.027915573506443588, 0.02608524414676207, 0.024151591101178416, 0.024183414186592454, 0.02138253529038694, 0.023350715568220173, 0.024097008906580782, 0.021644289432852355, 0.022891104497291422, 0.019006656896736886, 0.018968384919895068, 0.020291487789816327, 0.01823089899564231, 0.019247296507711762, 0.01912998414977833, 0.019255341686032438, 0.016961224653102732, 0.01648134755453578, 0.01549167051497433, 0.016756689589884546, 0.015821344633069303, 0.01621703251644417, 0.018239195355110698, 0.019452716120415263, 0.03385863218594481, 0.04326734022685775, 0.030488731408560718, 0.020229467915164098, 0.017316867769868287]",0.6888888888888889,"{'0': {'precision': 0.9259259259259259, 'recall': 0.6756756756756757, 'f1-score': 0.7812500000000001, 'support': 74.0}, '1': {'precision': 0.3333333333333333, 'recall': 0.75, 'f1-score': 0.46153846153846156, 'support': 16.0}, 'accuracy': 0.6888888888888889, 'macro avg': {'precision': 0.6296296296296297, 'recall': 0.7128378378378378, 'f1-score': 0.6213942307692308, 'support': 90.0}, 'weighted avg': {'precision': 0.8205761316872427, 'recall': 0.6888888888888889, 'f1-score': 0.7244123931623931, 'support': 90.0}}","[[50, 24], [4, 12]]"
20,"[0.9979647022706492, 0.45277127623558044, 0.27772761660593526, 0.25145437761589334, 0.24604240501368488, 0.24208041915187128, 0.23501276086877892, 0.217452519469791, 0.1899431369922779, 0.17188197043206957, 0.15954971617018734, 0.14911101592911613, 0.1346811243781337, 0.09478661942261236, 0.07128505767495544, 0.05329011780796228, 0.04111812084361359, 0.035939470761352114, 0.03329383602572812, 0.02864639764582669, 0.02662770450115204, 0.024597127749412147, 0.024455558577621425, 0.02228177711367607, 0.021901813370210153, 0.020279512154283346, 0.019921645039209613, 0.01868001964909059, 0.017691086770759687, 0.017598685842973215, 0.016956122247157274, 0.01773599293772821, 0.01603400393354672, 0.01579519050816695, 0.015431544019116296, 0.017119638828767672, 0.01823985362770381, 0.016706535661662067, 0.01454328680066047, 0.013715832563186134, 0.013344385178276786, 0.013927639772494635, 0.012914421036839485, 0.013024942673466823, 0.013724261308433834, 0.013281317358767544, 0.013195417959381032, 0.01181773210151328, 0.011832104581925604, 0.010983121098467597, 0.010923157997981266, 0.010633185747321005, 0.01030506852462336, 0.010687497271983712, 0.01072047768091714, 0.011161840658772874, 0.012403241600151415, 0.011577010223710979, 0.011037426448806568, 0.010442418011802214, 0.00990254428513624, 0.010365019276462219, 0.011549039674853837, 0.011182958743086568, 0.012119756494131353, 0.013675051913769156, 0.012772584678950134, 0.010938985066281425, 0.009474747641770928, 0.009432839643624093, 0.008645949126393706, 0.00869700705839528, 0.00943385437130928, 0.00896321337118193, 710493070.7649041, 7642.412042979841, 1973.664114916766, 28.338339699639214, 71.71266075416848, 14.038693639967176, 8.373436239030626, 5.462221922697844, 3.986508943416454, 3.076038850678338]","[0.5265885127915276, 0.2774643842820768, 0.2546924463024846, 0.24399397991321706, 0.23954866219449927, 0.23598978144151192, 0.22546721056655603, 0.20073498840685244, 0.17804349462191263, 0.16479162375132242, 0.15211931754041602, 0.14142014307004433, 0.11123375097910564, 0.08770108498908856, 0.05596384502671383, 0.04512367673494198, 0.03999954848377793, 0.03931548832743256, 0.031428586001749394, 0.029526627036156477, 0.02798703457746241, 0.026045659419011186, 0.02344342645395685, 0.023351802663118752, 0.02181186099295263, 0.020662850458864814, 0.019845337710446782, 0.02002666662964556, 0.01971345236180005, 0.01876333949190599, 0.019013107443849247, 0.017898688713709515, 0.017895014059764368, 0.018246035953914677, 0.01967689250078466, 0.017584281180191924, 0.02191149326110328, 0.01628962172954171, 0.01681732434641432, 0.015477932092768175, 0.015538320566217104, 0.014868780970573425, 0.014485709093235157, 0.014530973646927762, 0.015491539060517593, 0.0147382702195534, 0.015201928300989999, 0.014303899370133877, 0.013709399607722406, 0.013546932799120745, 0.013796278723963985, 0.013546280804331656, 0.012977171930725928, 0.012995289604145067, 0.013468516852568698, 0.014161416536404027, 0.014021758748977273, 0.013984838569605793, 0.01379358844348678, 0.012530016678350943, 0.012312504876818921, 0.013611275806195207, 0.015161350438440288, 0.014929520932060701, 0.014431525090778316, 0.016710033088370605, 0.015022560057264787, 0.012730550193400294, 0.011962870446344217, 0.01198212533361382, 0.012825628984029646, 0.012414701834872918, 0.012146610283741244, 0.011543818025125397, 1.0421732045986034, 8435.075412326389, 25.697625760678893, 23.852637750131112, 15.05175534001103, 9.885716367650915, 6.343752719737865, 4.284017686490659, 3.2727547310016774, 2.649994064260412]",0.6555555555555556,"{'0': {'precision': 0.9215686274509803, 'recall': 0.6351351351351351, 'f1-score': 0.752, 'support': 74.0}, '1': {'precision': 0.3076923076923077, 'recall': 0.75, 'f1-score': 0.4363636363636364, 'support': 16.0}, 'accuracy': 0.6555555555555556, 'macro avg': {'precision': 0.6146304675716441, 'recall': 0.6925675675675675, 'f1-score': 0.5941818181818181, 'support': 90.0}, 'weighted avg': {'precision': 0.812435059493883, 'recall': 0.6555555555555556, 'f1-score': 0.6958868686868688, 'support': 90.0}}","[[47, 27], [4, 12]]"
