BCI,BSAR,SIQ,SIQ_alpha,SIQ_beta,SIQ_delta,SIQ_theta,SignalSD,alphakurtosis,alphameanrat,alphaminrat,alphapctrat,alphastdrat,avgspectent,avgspectkurt,betakurtosis,betameanrat,betaminrat,betapctrat,betastdrat,corrmean,d0MaxAmp,d0MaxMaxFourAmp,d0MeanMaxAmp,d0MeanMaxFourAmp,d0MeanVarAmp,d0VarMaxAmp,d0VarMaxFourAmp,d0VarMeanAmp,d0VarVarAmp,d1MaxAmp,d1MaxMaxFourAmp,d1MeanMaxAmp,d1MeanMaxFourAmp,d1MeanVarAmp,d1VarMaxAmp,d1VarMaxFourAmp,d1VarMeanAmp,d1VarVarAmp,d2MaxAmp,d2MaxMaxFourAmp,d2MeanMaxAmp,d2MeanMaxFourAmp,d2MeanVarAmp,d2VarMaxAmp,d2VarMaxFourAmp,d2VarMeanAmp,d2VarVarAmp,deltaalphamean,deltaalphamin,deltaalphapct,deltaalphastd,deltakurtosis,deltameanrat,deltaminrat,deltapctrat,deltastdrat,deltathetamean,deltathetamin,deltathetapct,deltathetastd,geomeanamp,harmmeanamp,kurtavg,linelengthmean,lv_l10,lv_l20,lv_l5,meaniqrchannelamp,meanlogentropy,meanrms,meanskewamp,nleavgstd,nlemean,overalliqramp,overallskewamp,pctchangepoint,pctpeakpoint,sdrms,sdspectent,sdspectkurt,shanavg,stdskewamp,thetaalphamean,thetaalphamin,thetaalphapct,thetaalphastd,thetakurtosis,thetameanrat,thetaminrat,thetapctrat,thetastdrat,xcorrmean,xcorrstd,spike hz,artifact_annotation,Prob Others,Prob Seizure,Prob LPD,Prob GPD,Prob LRDA,Prob GRDA,rosc_sec,GPD_burden
1.0,1.0,4.84437359598301,5.626667708943732,4.1468362717423,5.701559056310474,6.007054803986801,12.398937225341797,4.364933967590332,0.07033276557922363,0.03620586171746254,0.11609436571598053,0.02447032742202282,0.6808546743894878,0.2041040355212494,3.3135485649108887,0.026295192539691925,0.01245792768895626,0.044983748346567154,0.009491161443293095,0.48179885745048523,61.81583023071289,4196.4111328125,43.700416564941406,2615.764892578125,59.721832275390625,102.23768615722656,565300.6875,3.7806081771850586,544.9754028320312,26.312705993652344,960.9559936523438,18.036067962646484,614.870849609375,8.386688232421875,13.761983871459961,20262.900390625,0.3378264605998993,7.827767372131348,31.096759796142578,828.6558837890625,17.584178924560547,468.4620056152344,8.687273979187012,28.995708465576172,24808.15625,0.8991841673851013,34.77745056152344,10.238033294677734,4.35893440246582,19.722326278686523,4.855011463165283,4.079580307006836,0.6088231801986694,0.43269529938697815,0.7392733097076416,0.08618341386318207,2.2557873725891113,0.9419951438903809,3.8314156532287598,0.8289861083030701,6.464138984680176,1.7674334049224854,3.2560665607452393,3553.037841796875,0.6022267206477733,0.8893343498606655,0.33203638466796365,10.077415466308594,70051.50306174727,12.392999649047852,1.1227529048919678,220.30292243609617,128.51553083336603,15.884325981140137,1.3393256664276123,0.000999000999000999,0.16173300383826697,2.4190773963928223,0.011545529655327923,0.07969516341505009,17998434.654943287,0.18719147145748138,4.826437950134277,2.6835389137268066,7.9827165603637695,1.5363901853561401,7.258767604827881,0.3167032301425934,0.19741231203079224,0.45673444867134094,0.07308388501405716,7253.7900390625,0.2717832326889038,0.05,0.0,0.2738693058490753,0.0003980838228017092,8.919211609281774e-07,0.5941479206085205,1.3815892874191604e-11,0.1315837949514389,202200,0.13333333333333333
1.0,1.0,4.985042664410867,5.668586183851523,4.244502614398512,5.763539318785732,6.076202276184094,13.083992004394531,4.737081050872803,0.07758145779371262,0.04589839279651642,0.10302016884088516,0.019032618030905724,0.6840401738359216,0.2755085774380775,3.773010015487671,0.03212174400687218,0.018107503652572632,0.05001530051231384,0.009666378609836102,0.4802123010158539,59.21720504760742,4288.15966796875,42.570125579833984,2860.1142578125,64.4039077758789,68.73087310791016,559081.0625,3.22265362739563,474.251953125,29.020919799804688,892.8383178710938,21.091482162475586,618.97314453125,10.759556770324707,20.294023513793945,14573.7001953125,0.3298652470111847,11.202317237854004,37.40166473388672,1141.9896240234375,22.834182739257812,618.3565673828125,13.977301597595215,46.50758743286133,47841.44921875,1.2573132514953613,80.68350982666016,8.679585456848145,4.8531365394592285,14.34228229522705,2.81520938873291,3.203503370285034,0.5120063424110413,0.4007693827152252,0.6158447861671448,0.06186588481068611,1.3087774515151978,0.7922582030296326,2.0243306159973145,0.35951146483421326,6.893278121948242,1.8484798669815063,2.9906203746795654,3996.114013671875,0.5657850921008816,0.870603081129397,0.30893667735773,10.847197532653809,72786.69296975981,13.0784912109375,0.9854868054389954,311.44653493852667,206.0075932776701,17.240148544311523,1.1445809602737427,0.000999000999000999,0.18549871181450128,2.232673168182373,0.010111547407481282,0.08983241676862515,19988602.052354645,0.1542341560125351,6.452794551849365,3.8564186096191406,10.343463897705078,1.9908310174942017,2.7288577556610107,0.41147327423095703,0.29643017053604126,0.5142475962638855,0.05909556522965431,8297.5126953125,0.2705153226852417,0.13333333333333333,0.0,0.19981129467487335,1.6277599570457824e-05,1.2899364492113818e-06,0.6821436285972595,2.33768629454012e-11,0.11802754551172256,202500,0.1
1.0,1.0,5.074653440524505,5.887456472452035,4.482065235176396,5.809415360915495,6.164234550644572,14.666808128356934,4.796821594238281,0.09453509002923965,0.05197729170322418,0.14829504489898682,0.027918227016925812,0.6856067580612082,0.41636666034024594,4.706295967102051,0.039633750915527344,0.02203104831278324,0.06726531684398651,0.012540943920612335,0.500145673751831,91.92193603515625,5052.62890625,54.65785598754883,3027.6083984375,84.11998748779297,180.42147827148438,846001.875,4.912753582000732,1174.3880615234375,38.926753997802734,1178.546875,23.768020629882812,770.667724609375,13.09741497039795,42.29220199584961,35495.1328125,0.37014976143836975,18.692211151123047,46.83197021484375,859.2073364257812,27.478294372558594,535.55224609375,13.998491287231445,71.81757354736328,20301.53515625,0.6521335244178772,59.20614242553711,4.814815044403076,2.1864380836486816,8.948162078857422,2.10160493850708,3.372859477996826,0.40599191188812256,0.2954223155975342,0.5632648468017578,0.08203084021806717,0.8844243288040161,0.5015450716018677,1.6410554647445679,0.35195913910865784,7.675742149353027,2.0412278175354004,3.428664445877075,4353.2861328125,0.5228718649771281,0.8374257321625742,0.27561911772438086,11.648780822753906,76823.98660224344,14.661011695861816,1.2066293954849243,214.76898787598344,133.8531511304135,18.999319076538086,1.4346948862075806,0.000999000999000999,0.15292602134707398,2.8481552600860596,0.008204075292295335,0.14129776184268839,26559803.889084063,0.1861208975315094,5.646174430847168,3.0621509552001953,9.256424903869629,1.8272392749786377,4.227708339691162,0.4870789051055908,0.31435781717300415,0.5938182473182678,0.07756403833627701,9447.78125,0.26932817697525024,0.44999999999999996,0.0,0.21508029103279114,0.002788820303976536,3.0534515644831117e-06,0.7667007446289062,3.1149326173984804e-11,0.015427145175635815,203400,0.06666666666666667
1.0,1.0,4.879397559029675,5.689418675681203,4.1459151665995835,5.77677506295675,6.043837979444302,12.831184387207031,3.737708568572998,0.07096490263938904,0.043597206473350525,0.10617724061012268,0.018206216394901276,0.6802168658950872,0.21917736535273596,3.506100654602051,0.027866948395967484,0.014936561696231365,0.049722038209438324,0.010359412059187889,0.48412394523620605,62.228729248046875,4023.5244140625,45.40113067626953,2655.548828125,64.44454193115234,76.74566650390625,462944.0,3.3479197025299072,492.03131103515625,23.83261489868164,1064.6329345703125,17.73391342163086,652.4007568359375,8.230673789978027,12.317597389221191,28082.107421875,0.27382856607437134,6.338993072509766,26.845914840698242,708.501953125,17.167980194091797,434.3478698730469,7.086825370788574,16.309810638427734,11148.0224609375,0.4282495975494385,9.221753120422363,9.408613204956055,4.500720024108887,16.17647933959961,3.4961249828338623,3.496410846710205,0.5859548449516296,0.4279462397098541,0.7238748669624329,0.08312074840068817,1.9092775583267212,0.9118629693984985,3.5550384521484375,0.7682183980941772,6.619020462036133,1.7564564943313599,3.3215036392211914,3538.013916015625,0.5885561806614439,0.878581944371418,0.32316367842683635,10.396419525146484,71193.27562602644,12.825960159301758,1.1597044467926025,338.82312195482837,194.80791081965177,16.302825927734375,1.318787693977356,0.000999000999000999,0.15981387034018613,2.2865076065063477,0.00927319540490095,0.06797453646674867,19261184.338528093,0.19904178380966187,5.077918529510498,2.8773813247680664,7.279738426208496,1.2628209590911865,5.6109819412231445,0.34386610984802246,0.20586270093917847,0.4680919647216797,0.0745561271905899,7725.81298828125,0.27019256353378296,0.2,0.0,0.2457132786512375,0.002830513520166278,1.544144424769911e-06,0.5913068652153015,3.5184202773486106e-11,0.16014781594276428,203700,0.13333333333333333
1.0,1.0,5.004680512669309,5.673068136160981,4.458952705464908,5.75161746071162,6.185708562984641,13.066092491149902,6.0075178146362305,0.07513532042503357,0.04920343682169914,0.11661726236343384,0.01928962953388691,0.6842682910592933,0.21861389305766762,5.237024307250977,0.03329956904053688,0.016652939841151237,0.06685331463813782,0.01490752212703228,0.4732963740825653,55.31733322143555,3647.7568359375,43.38231658935547,2574.45068359375,63.61635971069336,40.74783706665039,378573.15625,2.4216368198394775,327.7923889160156,24.965961456298828,982.0938720703125,19.068288803100586,651.432373046875,10.312389373779297,8.197515487670898,18026.2421875,0.20531824231147766,7.166093826293945,28.143165588378906,863.1931762695312,19.642614364624023,516.2725830078125,10.254586219787598,21.01776123046875,20786.15625,0.49814701080322266,18.674449920654297,8.029751777648926,4.022586345672607,12.920233726501465,2.6859705448150635,2.7945311069488525,0.5626890063285828,0.3408741354942322,0.6727756261825562,0.08765847980976105,1.6681219339370728,0.6462554931640625,2.4574246406555176,0.5293697714805603,6.924339771270752,2.2305684089660645,2.9993231296539307,3960.837158203125,0.5645933014354068,0.8696040801303959,0.30727167569272834,10.963614463806152,73151.98789457351,13.060863494873047,0.9906843304634094,358.9852175224875,244.87638482063232,17.20803451538086,1.1041616201400757,0.000999000999000999,0.16756927283243073,1.949533224105835,0.011112674872780831,0.07583665806209547,19650833.397483736,0.13500140607357025,5.021531581878662,2.420494794845581,7.594135284423828,1.4057254791259766,3.264369010925293,0.3584112226963043,0.27154967188835144,0.5074994564056396,0.07234422117471695,7677.33740234375,0.27058514952659607,0.4,0.0,0.307468056678772,1.0184180609940086e-05,1.3279135373522877e-06,0.37183794379234314,6.839059873975373e-11,0.3206825256347656,204000,0.03333333333333333
1.0,1.0,4.998406763706215,5.721341057998257,4.2501456543916865,5.799377739932891,6.108136155471794,13.312443733215332,4.880372524261475,0.06921399384737015,0.0366181954741478,0.109649159014225,0.020827868953347206,0.6830929438273112,0.19412487695588612,4.161231517791748,0.03040771372616291,0.016640348359942436,0.04801061749458313,0.0090427715331316,0.4726269543170929,61.2485466003418,4584.48974609375,44.7092170715332,2814.33984375,67.11216735839844,70.27657318115234,659718.25,3.289740800857544,464.1371154785156,28.993268966674805,1007.4795532226562,19.497770309448242,660.8805541992188,9.941534996032715,18.249338150024414,24275.958984375,0.2762669622898102,7.094707012176514,33.49491500854492,924.0997924804688,20.495946884155273,569.024169921875,11.32564640045166,39.34126663208008,30040.837890625,0.9006757140159607,32.495208740234375,9.373525619506836,4.250726699829102,18.382028579711914,4.114933490753174,3.7218148708343506,0.5664131045341492,0.39215055108070374,0.6928781867027283,0.08205723762512207,1.7073053121566772,0.7804450988769531,2.81966233253479,0.5900525450706482,7.002378940582275,1.8678098917007446,3.1173696517944336,3958.675048828125,0.5612589165220744,0.8654284312179049,0.3050283050283051,10.963920593261719,73392.91960280047,13.306830406188965,1.0532609224319458,325.6837077275038,201.88831238941714,17.357412338256836,1.1962941884994507,0.0009990009990009992,0.17959671907040328,2.221957206726074,0.009677315548114422,0.07009408811050576,20800736.751336295,0.1765492558479309,5.710638523101807,3.1329104900360107,9.1056489944458,1.7770172357559204,4.585551738739014,0.36493340134620667,0.24575509130954742,0.50142902135849,0.07191125303506851,8578.5322265625,0.2703826129436493,0.15833333333333335,0.0,0.1452949494123459,7.914739398984239e-05,1.0039115068138926e-06,0.799997866153717,2.8533812465592057e-11,0.05462702736258507,204300,0.4
1.0,1.0,4.663881571823524,5.65966392112984,3.9233199593525026,5.670763729735656,5.928703664846991,11.867847442626953,2.2811989784240723,0.08130999654531479,0.03976540267467499,0.11847085505723953,0.024572398513555527,0.6769052826521691,0.252191574676637,14.485234260559082,0.025602202862501144,0.01645492948591709,0.03728967159986496,0.005869393236935139,0.46149003505706787,55.223358154296875,3543.6318359375,41.71049880981445,2466.1533203125,54.1370735168457,43.70781326293945,385322.46875,2.6259605884552,277.15380859375,23.11368179321289,947.21630859375,16.453149795532227,589.0720825195312,6.029557704925537,11.191534996032715,10778.212890625,0.19135460257530212,2.0488531589508057,15.597078323364258,401.0677185058594,11.997401237487793,277.2294006347656,3.33437442779541,4.008458137512207,2509.9541015625,0.07673636078834534,0.7653864026069641,7.104477882385254,3.4442548751831055,14.067243576049805,3.3771653175354004,5.472201347351074,0.5051782131195068,0.364426851272583,0.6275593638420105,0.06784617155790329,1.273226022720337,0.6840426325798035,1.9987995624542236,0.35151225328445435,6.159501552581787,1.6606563329696655,3.2277257442474365,2956.60595703125,0.616225879383774,0.9035175350964826,0.3448656606551344,9.820725440979004,68488.56429577817,11.864171981811523,1.104553461074829,149.0700472381989,89.72627487726405,15.331013679504395,1.218245029449463,0.000999000999000999,0.12476996687523004,1.986328363418579,0.008126438584409016,0.09722868126860354,15898221.955613712,0.2020730972290039,5.452103614807129,3.339669704437256,8.472702980041504,1.5508030652999878,7.096924781799316,0.4105483293533325,0.3097361624240875,0.5060087442398071,0.054314855486154556,6913.572265625,0.2708588242530823,0.1,0.0,0.08638524264097214,1.0431039072500425e-06,1.3063380492894794e-06,0.8846540451049805,2.931905586367467e-12,0.028958454728126526,205200,0.03333333333333333
1.0,1.0,5.042144987705919,5.828521386592118,4.381954139533471,5.76319654195384,6.148322799209937,13.157008171081543,4.34817361831665,0.09117355197668076,0.05363326147198677,0.1326616257429123,0.022928336635231972,0.6890812957600543,0.2288481820778899,4.781140327453613,0.0376422181725502,0.0184430293738842,0.056851767003536224,0.011086806654930115,0.48023658990859985,63.93070602416992,3916.840576171875,46.34142303466797,2446.622314453125,66.61375427246094,87.58320617675781,420818.0625,3.4311439990997314,534.1032104492188,31.086681365966797,1110.732177734375,21.207311630249023,725.3412475585938,11.189922332763672,19.063873291015625,30511.77734375,0.312860369682312,9.411564826965332,32.96083450317383,868.3923950195312,21.732139587402344,558.2662963867188,11.818988800048828,27.209117889404297,23532.06640625,0.6605321168899536,26.140228271484375,5.482835292816162,2.6021716594696045,10.82713508605957,2.493352174758911,4.195889472961426,0.4380703568458557,0.30744242668151855,0.5885949730873108,0.08384256064891815,1.0104568004608154,0.5425964593887329,1.7406017780303955,0.35788530111312866,6.865678310394287,1.7801555395126343,3.1984970569610596,4150.73974609375,0.5703927651296071,0.8717966244282034,0.3109416898890583,10.787843704223633,72637.86547600871,13.151460647583008,1.0977519750595093,325.45326096491203,189.029217698219,17.012487411499023,1.2651784420013428,0.0009990009990009992,0.16913612703086386,2.3231000900268555,0.00857053160617991,0.09128431626245283,20362291.070767056,0.17634886503219604,5.493297576904297,3.3063602447509766,8.298940658569336,1.451887845993042,2.8436906337738037,0.46444886922836304,0.3339109420776367,0.5725995898246765,0.07138098776340485,7360.0458984375,0.268924355506897,0.34,0.0,0.140071839094162,0.027995893731713295,1.3852641131961718e-06,0.8245559930801392,5.4762028245392e-12,0.007374855689704418,206100,0.3333333333333333
1.0,1.0,5.090529844126895,5.760763994065566,4.427656936507029,5.770500543848005,6.150793080715641,13.254912376403809,5.032307147979736,0.08552758395671844,0.045844078063964844,0.13039274513721466,0.02368662878870964,0.6898206197117505,0.21610906196796006,4.050498008728027,0.03691966086626053,0.018146373331546783,0.057513527572155,0.011591460555791855,0.4785151183605194,62.8470458984375,4079.44970703125,45.03394317626953,2636.275390625,66.41214752197266,79.16345977783203,553427.625,3.5268235206604004,531.424072265625,31.701082229614258,1011.3532104492188,21.06745147705078,665.2656860351562,12.346635818481445,19.98072624206543,20440.498046875,0.43905961513519287,14.981101989746094,38.719261169433594,1195.6199951171875,23.777729034423828,698.1376953125,16.066509246826172,44.611698150634766,54086.125,1.614392638206482,81.55799102783203,6.320746421813965,3.147416591644287,12.593234062194824,2.8095881938934326,3.7259700298309326,0.47619932889938354,0.34386372566223145,0.615590512752533,0.08040931075811386,1.1706185340881348,0.6203615069389343,1.933631420135498,0.39680033922195435,7.000769138336182,1.9478929042816162,3.113886594772339,4378.955078125,0.5618066144381935,0.8680529996319469,0.3051225090698775,10.925736427307129,73358.98239582604,13.248922348022461,1.054811716079712,282.3919937327961,177.20956720163784,17.351823806762695,1.2191426753997803,0.000999000999000999,0.18887034018612964,2.320254325866699,0.011592392961874223,0.07938151356779245,20628272.556434996,0.17870061099529266,5.4768571853637695,3.0551300048828125,8.734359741210938,1.6686038970947266,3.935171127319336,0.43252384662628174,0.3069237470626831,0.5483309030532837,0.07117150723934174,7814.0888671875,0.27199074625968933,0.30000000000000004,0.0,0.13104818761348724,0.0010304141324013472,1.2435383496267605e-06,0.844061017036438,2.599706214190256e-11,0.023859137669205666,206400,0.26666666666666666
1.0,1.0,4.930979265011193,5.7086335258493754,4.217018427366309,5.806512690257424,6.09925762663309,13.078873634338379,5.773763179779053,0.07399087399244308,0.042429614812135696,0.10966655611991882,0.019976375624537468,0.6810997950403314,0.2068642477650019,5.040211200714111,0.03155551105737686,0.0161682590842247,0.05205085873603821,0.010691449977457523,0.4903419315814972,66.55998992919922,4555.68408203125,44.9901237487793,2786.720947265625,65.4488296508789,96.84735870361328,687933.0,3.7795801162719727,560.8235473632812,27.81590461730957,1080.0213623046875,18.770891189575195,665.843017578125,9.019515037536621,15.834322929382324,28211.228515625,0.33877798914909363,8.858988761901855,26.788414001464844,765.4442749023438,17.599454879760742,469.2308044433594,8.111690521240234,20.949575424194336,21162.474609375,0.6311250329017639,16.7664737701416,8.292949676513672,4.094336032867432,15.44079875946045,3.476573944091797,3.2630321979522705,0.5237572193145752,0.37057003378868103,0.6731648445129395,0.09299211949110031,1.5252348184585571,0.7138471007347107,2.7437689304351807,0.6361513733863831,6.860115051269531,1.843259334564209,3.152198553085327,3715.077880859375,0.5718404402614928,0.8722067406277931,0.3125471020207862,10.774737358093262,72502.76103316854,13.07351016998291,1.0708030462265015,231.46340992805554,150.38978108049,16.966867446899414,1.2565009593963623,0.0009990009990009992,0.15933189617400143,2.3966948986053467,0.008597130823361469,0.07895972740206143,20152656.75460137,0.17608094215393066,5.861911296844482,3.4503233432769775,8.947357177734375,1.6586850881576538,4.141110420227051,0.39727210998535156,0.2591915428638458,0.5273892283439636,0.08298227190971375,8074.18359375,0.27378785610198975,0.1666666666666667,0.0,0.15494504570960999,0.004204075317829847,2.16417970477778e-06,0.7811341881752014,2.6548619205812862e-11,0.05971449241042137,206700,0.4
1.0,1.0,4.919448343985658,5.764409676647492,4.263554893483231,5.7930379367159315,6.112132883965085,12.953628540039062,6.202713489532471,0.08182121813297272,0.04307914525270462,0.12727738916873932,0.024829158559441566,0.6819071458515368,0.22899449548477802,4.28989315032959,0.03387289494276047,0.017020659521222115,0.051718272268772125,0.009757383726537228,0.48696932196617126,65.48216247558594,3917.92041015625,46.05006408691406,2582.624267578125,64.69474029541016,87.760009765625,469755.1875,3.4326465129852295,504.5196838378906,26.439022064208984,1122.76806640625,18.462413787841797,686.2369384765625,8.79365348815918,13.949682235717773,28381.484375,0.30545493960380554,7.241145133972168,25.264263153076172,651.3629150390625,16.876937866210938,407.9270935058594,6.7680983543396,14.15367603302002,10918.0322265625,0.4100491404533386,7.499047756195068,7.355947971343994,3.325989246368408,15.580228805541992,3.6922061443328857,3.4334518909454346,0.5199710726737976,0.39161795377731323,0.6807760000228882,0.08919855952262878,1.3967899084091187,0.785801887512207,2.5050010681152344,0.5403746366500854,6.763113498687744,1.7935991287231445,3.258418321609497,3627.936279296875,0.5813029076186972,0.876186970923813,0.314453967085546,10.597031593322754,72012.00410408701,12.94764518737793,1.1317873001098633,295.80714119514084,182.2181364776854,16.643898010253906,1.2994798421859741,0.000999000999000999,0.14932435985067566,2.310513973236084,0.008126010656262029,0.0924279924145182,19676641.447293278,0.19935479760169983,5.252206325531006,3.1781249046325684,7.850465297698975,1.4321568012237549,3.262582778930664,0.40012040734291077,0.25819021463394165,0.5061664581298828,0.07438837736845016,7616.83837890625,0.2730810344219208,0.27999999999999997,0.0,0.09035656601190567,0.00014624660252593458,2.446739244987839e-06,0.8839734792709351,4.020016958206085e-12,0.02552127279341221,207000,0.16666666666666666
1.0,1.0,4.804055937612141,5.765282244744126,4.097753318445408,5.757643825820185,6.109542427706434,12.531827926635742,5.965422630310059,0.08754673600196838,0.05758541077375412,0.14312444627285004,0.024990960955619812,0.6794206250132175,0.2277039959444361,6.1816277503967285,0.02877454087138176,0.016946613788604736,0.04184795916080475,0.007311848923563957,0.47102463245391846,55.95955276489258,3789.044921875,42.724090576171875,2522.0263671875,58.186668395996094,53.580657958984375,423094.3125,2.5406181812286377,306.37689208984375,27.334192276000977,1140.3927001953125,18.166736602783203,693.6688842773438,8.015625,14.571377754211426,27279.8046875,0.31191354990005493,7.415226459503174,24.11029052734375,532.464111328125,14.105077743530273,341.4451904296875,4.468049049377441,13.434463500976562,6003.10595703125,0.1946275234222412,2.722144603729248,5.93483829498291,2.668736457824707,8.931488037109375,1.8375827074050903,3.5743980407714844,0.4810938835144043,0.37301796674728394,0.6017714738845825,0.06956236809492111,1.1783555746078491,0.7078162431716919,2.038261890411377,0.38912904262542725,6.66996431350708,1.7118418216705322,3.047295570373535,3431.5615234375,0.5855723224144278,0.8873232031126769,0.3127136021872864,10.280494689941406,71676.15090103706,12.526321411132812,1.029313325881958,351.1078215576894,212.32700994109103,16.559804916381836,1.1473872661590576,0.000999000999000999,0.12448078237551921,1.92765212059021,0.006598281677606729,0.08913750289821334,17875116.167609133,0.1474912166595459,5.291032791137695,2.80147123336792,7.775830268859863,1.5244481563568115,2.957937717437744,0.43178412318229675,0.2897660732269287,0.5316358804702759,0.06741499900817871,7175.998046875,0.2680191993713379,0.1,0.0,0.14283639192581177,2.337108162464574e-05,1.0359420912209316e-06,0.81606125831604,1.1585682933856756e-11,0.04107789695262909,211200,0.06666666666666667
1.0,1.0,4.725549617365196,5.661122726146547,4.008889783574206,5.787465196355859,6.070093566614135,12.845696449279785,3.943883180618286,0.06509299576282501,0.0342082642018795,0.1013365164399147,0.020182890817523003,0.6733207696362545,0.22120255987509124,5.530605792999268,0.02336416207253933,0.013262717053294182,0.03599274531006813,0.006798309274017811,0.4850257337093353,59.45322036743164,4177.73828125,42.742183685302734,2765.979736328125,62.759525299072266,78.26984405517578,578663.375,3.2063543796539307,444.24151611328125,23.90890884399414,968.6489868164062,16.0982666015625,625.1381225585938,6.632755279541016,11.703834533691406,20243.12890625,0.2440197765827179,4.821956157684326,18.54168128967285,453.6947937011719,12.357142448425293,298.5838928222656,3.5180251598358154,7.9831342697143555,4289.083984375,0.1327914595603943,1.5736347436904907,10.560587882995605,4.591259479522705,20.385732650756836,4.674837589263916,3.2330729961395264,0.5895875096321106,0.4184572696685791,0.7167803645133972,0.08842591196298599,1.848570466041565,0.8706361651420593,3.087557077407837,0.6721905469894409,6.730944633483887,1.7222965955734253,3.10380220413208,3128.91162109375,0.577107103422893,0.8784448634072693,0.31687861011169277,10.592581748962402,71862.12631152295,12.841230392456055,1.0434743165969849,268.57016708953716,171.04822332127463,16.714792251586914,1.204463243484497,0.000999000999000999,0.12013550359415022,2.2198052406311035,0.007669629115582878,0.0815820629775148,19183633.947485488,0.18196673691272736,5.857303619384766,3.2449610233306885,9.132594108581543,1.7339168787002563,3.2091221809387207,0.35330677032470703,0.2316426783800125,0.4916347563266754,0.07895912230014801,8233.78125,0.2718152403831482,0.19999999999999998,0.0,0.2747338116168976,6.509509694296867e-05,1.918504722198122e-06,0.5618008375167847,7.811640917454454e-11,0.1633983999490738,213300,0.23333333333333334
1.0,1.0,4.863684187878816,5.7465004548519145,4.202062445537744,5.844375258162037,6.1881574166362,13.746231079101562,4.349241256713867,0.07566378265619278,0.044594671577215195,0.10843775421380997,0.01968863420188427,0.676700156822539,0.2571409938060846,5.6369194984436035,0.026834044605493546,0.016172360628843307,0.0409783199429512,0.007419885601848364,0.48870936036109924,70.66485595703125,4436.078125,47.258544921875,2793.265869140625,72.70275115966797,117.6832275390625,584342.375,4.015021800994873,757.06640625,27.725967407226562,1056.9840087890625,18.166461944580078,659.0765380859375,8.596342086791992,17.728031158447266,23357.880859375,0.35353705286979675,8.73875617980957,25.05593490600586,574.7000732421875,15.671600341796875,361.03057861328125,5.331684112548828,17.682832717895508,9933.1220703125,0.26739683747291565,8.160429000854492,7.906841278076172,3.772864580154419,14.453059196472168,3.1996548175811768,3.437941789627075,0.5408425331115723,0.3887656033039093,0.6586188673973083,0.07827620953321457,1.5332510471343994,0.7823039293289185,2.4772512912750244,0.5052991509437561,7.215173244476318,1.9312732219696045,3.1820144653320312,3533.78125,0.550701929649298,0.8578474157421526,0.2956832641043168,11.160542488098145,74495.78102753402,13.740983963012695,1.0981457233428955,317.65373238469834,190.23695036171674,17.82505226135254,1.316391110420227,0.000999000999000999,0.1250538934749461,2.5466270446777344,0.006523290413340922,0.11426729225894176,22650823.861480948,0.17616406083106995,5.3588433265686035,3.272498369216919,7.950636863708496,1.4621225595474243,2.9553630352020264,0.38415518403053284,0.2652587890625,0.5032418966293335,0.06890793144702911,8574.083984375,0.27512091398239136,0.26,0.0,0.048167478293180466,0.00030584627529606223,5.99181305460661e-07,0.9392887949943542,6.576929105495122e-12,0.012237218208611012,214200,0.16666666666666666
1.0,1.0,4.969768153904182,5.849165621702181,4.28254213975166,5.822554869430219,6.228713743321304,13.660503387451172,5.244752407073975,0.09232520312070847,0.057116370648145676,0.13350866734981537,0.02243529073894024,0.6791506906350455,0.21478066414579122,4.195466041564941,0.02627604827284813,0.013455778360366821,0.04389985278248787,0.00871607381850481,0.48774072527885437,63.87671661376953,3993.357421875,47.176170349121094,2618.72412109375,70.37779235839844,73.7041244506836,434902.8125,4.002625465393066,615.6148071289062,27.297664642333984,870.6187744140625,20.04930877685547,661.244384765625,9.532569885253906,14.910715103149414,14231.943359375,0.3325330317020416,7.887423992156982,32.265052795410156,612.974853515625,18.549686431884766,420.9847412109375,6.94840145111084,23.82962417602539,6556.2314453125,0.3214329481124878,6.223630905151367,5.793288230895996,2.168639659881592,9.630987167358398,2.1430540084838867,2.5764222145080566,0.4789319336414337,0.2686157822608948,0.6345460414886475,0.11191227287054062,1.2445653676986694,0.44582417607307434,2.260329246520996,0.596981406211853,7.205348968505859,1.922627329826355,3.0991079807281494,3780.525634765625,0.5460066249539934,0.8578526736421472,0.29628266470371734,11.25411605834961,74439.53218201752,13.65534782409668,1.051558494567871,401.99022550841397,251.23851338358884,17.986913681030273,1.218035340309143,0.000999000999000999,0.14191072085808926,2.4780662059783936,0.009585548512389772,0.08336557865479373,22156557.73776736,0.17468294501304626,5.115673065185547,2.462040424346924,8.995903968811035,1.8380863666534424,4.964735984802246,0.43517184257507324,0.26692402362823486,0.5953083038330078,0.10698135942220688,8328.1767578125,0.2721155881881714,0.30000000000000004,0.0,0.162261962890625,0.001385833602398634,1.0297490916855168e-05,0.8302164077758789,2.931824227836444e-11,0.00612556841224432,214500,0.06666666666666667
1.0,1.0,4.6085074661278185,5.523623552191144,3.8004346669328513,5.7541077108492145,6.091349694263248,12.932438850402832,4.587433815002441,0.056303270161151886,0.029291966930031776,0.08678476512432098,0.016780443489551544,0.6673534185844555,0.2248706329434163,4.6258344650268555,0.017183132469654083,0.009792991913855076,0.027542049065232277,0.0054862964898347855,0.4690118730068207,61.743385314941406,4068.40380859375,43.39196014404297,2775.00390625,63.293617248535156,74.54915618896484,439731.9375,2.8826181888580322,404.43914794921875,21.4622859954834,980.9533081054688,14.830591201782227,597.8490600585938,5.828347206115723,11.104233741760254,23613.125,0.2598760724067688,4.6167731285095215,17.131441116333008,402.09326171875,10.659281730651855,263.11181640625,2.645434856414795,6.5667266845703125,3716.96533203125,0.12496905028820038,1.149118423461914,11.827749252319336,5.502030849456787,22.821626663208008,5.084169864654541,3.8696231842041016,0.5881284475326538,0.44472256302833557,0.7195849418640137,0.07890268415212631,1.7371406555175781,0.895891547203064,2.984635353088379,0.6128895282745361,6.8175859451293945,1.896020531654358,3.1559898853302,2916.98095703125,0.5753194174246806,0.8764603817235397,0.3115410904884589,10.633600234985352,72434.31198044124,12.927729606628418,1.0733587741851807,287.88005699815625,192.9822474164362,16.853321075439453,1.2150357961654663,0.000999000999000999,0.11114149008885851,2.093712091445923,0.007855755549212275,0.08852322403328032,19377659.89200858,0.22151020169258118,7.027129173278809,3.9384639263153076,11.030258178710938,2.1004366874694824,4.5492353439331055,0.36589041352272034,0.23169755935668945,0.4908609390258789,0.07352481782436371,8489.9228515625,0.2699394226074219,0.26,0.0,0.23026934266090393,8.71740326147119e-07,1.5111738775885897e-06,0.7479054927825928,8.565093079226926e-12,0.02182282879948616,215100,0.16666666666666666
1.0,1.0,4.624322541966308,5.583630954372438,3.9235757209256983,5.703718095171903,6.06547833057375,13.042145729064941,3.924842119216919,0.05107100307941437,0.026150908321142197,0.08187747001647949,0.017552481964230537,0.6693872537006411,0.276685110773501,6.5951008796691895,0.02044050022959709,0.009346852079033852,0.03712767735123634,0.007922135293483734,0.4868232011795044,65.78387451171875,4680.3798828125,43.19951629638672,2727.951416015625,66.05946350097656,105.33456420898438,726956.875,5.527707576751709,895.241943359375,27.07849884033203,1013.8778076171875,15.89443588256836,646.8494262695312,6.351600646972656,21.791431427001953,32066.171875,0.3632035255432129,8.118386268615723,20.063743591308594,455.4627380371094,11.352231979370117,282.13616943359375,2.7821223735809326,9.550110816955566,4272.6259765625,0.11961580067873001,1.130159854888916,13.65597915649414,6.063776016235352,25.376461029052734,6.200685977935791,4.214718818664551,0.6030861139297485,0.4311544895172119,0.733623743057251,0.0837431326508522,1.8127695322036743,0.8579494953155518,2.9604082107543945,0.5945124626159668,6.86741304397583,1.9315850734710693,3.1465375423431396,2999.58154296875,0.5785004469214996,0.8719701351280298,0.3163415531836585,10.68874740600586,72297.03456591757,13.038766860961914,1.0719919204711914,278.7516413141226,190.60012982779728,16.642568588256836,1.347752571105957,0.000999000999000999,0.10799726589200273,2.9376115798950195,0.008478788276538266,0.10436673480702756,20441767.95109622,0.18186873197555542,7.554598331451416,4.2650532722473145,12.26439094543457,2.3604273796081543,3.331178665161133,0.35408157110214233,0.23596906661987305,0.4801201820373535,0.07019542902708054,8506.6435546875,0.2713429629802704,0.25,0.0,0.23229531943798065,3.230217316740891e-06,1.131586486735614e-06,0.7332582473754883,1.2668495809678437e-12,0.034442123025655746,216000,0.06666666666666667
1.0,1.0,4.6561251236567385,5.668696138138955,3.839592225687841,5.776605985720421,6.137538275701452,13.01718521118164,3.373230457305908,0.058826398104429245,0.03364679217338562,0.08543027937412262,0.01606120355427265,0.6689608089233698,0.20797075264276224,3.7191097736358643,0.016512267291545868,0.009650984779000282,0.023965459316968918,0.004177822731435299,0.4735060930252075,52.829254150390625,4081.881103515625,41.7027473449707,2785.31787109375,63.23829650878906,46.01268768310547,449829.6875,2.8684327602386475,346.2199401855469,22.758575439453125,808.0501708984375,15.920312881469727,624.7772827148438,6.2962493896484375,11.320353507995605,8631.314453125,0.2217485010623932,3.5319905281066895,17.43720245361328,370.74053955078125,11.167518615722656,280.9070739746094,2.7152023315429688,6.8642473220825195,2128.3310546875,0.09999827295541763,0.7691128253936768,10.888493537902832,6.147271156311035,17.629383087158203,3.5009992122650146,3.1993634700775146,0.5637648105621338,0.4862743616104126,0.6579478979110718,0.05204145610332489,1.500496745109558,1.0112028121948242,2.2415876388549805,0.35466498136520386,6.873568534851074,1.8961904048919678,3.0490946769714355,3077.34765625,0.566749040433251,0.8739155581260843,0.30714022819285974,10.775979995727539,72695.09963636204,13.011784553527832,1.0105160474777222,253.20846026857942,146.46276446694662,17.138832092285156,1.1197999715805054,0.000999000999000999,0.10358062989641936,2.0119147300720215,0.007438126560863173,0.06776106063195941,19570978.85872532,0.1571793407201767,7.27843713760376,4.351709842681885,10.484197616577148,1.9265763759613037,3.246278762817383,0.3870343565940857,0.2922249436378479,0.46987196803092957,0.05083639547228813,8298.37109375,0.27242645621299744,0.15000000000000002,0.0,0.24195057153701782,7.008329561131177e-08,7.437409976773779e-07,0.7517409324645996,2.764976182040302e-12,0.006307660136371851,216600,0.06666666666666667
0.9988610727818297,1.0297750422829075,4.604724481298105,5.594903380093129,3.75963561900311,5.763752995747386,6.122678396636822,13.101784706115723,2.797365188598633,0.06353984028100967,0.03629416227340698,0.09595602005720139,0.01789899356663227,0.6682854839584286,0.20528943698522592,6.253471374511719,0.016406873241066933,0.007620338816195726,0.030316248536109924,0.0063184029422700405,0.4799708425998688,64.5202865600586,4286.66259765625,45.68925857543945,2718.1943359375,65.99226379394531,109.52790069580078,513310.0,4.276540279388428,610.0256958007812,23.42589569091797,1045.3883056640625,15.4301176071167,608.3038940429688,6.080926895141602,12.826251983642578,26812.982421875,0.31718969345092773,5.644052505493164,18.61285400390625,422.1082763671875,10.752723693847656,264.5171813964844,2.5191152095794678,8.193081855773926,4184.42041015625,0.11038439720869064,0.911307156085968,11.395514488220215,5.349941730499268,19.392778396606445,4.2816033363342285,3.1941919326782227,0.6047162413597107,0.4919489324092865,0.7201831936836243,0.07077573239803314,1.8924068212509155,1.0831273794174194,3.050008535385132,0.6094182133674622,6.851430892944336,1.8018828630447388,3.2307300567626953,2960.461669921875,0.5713935187619399,0.8737402947929264,0.31070683702262647,10.679618835449219,72380.24074561785,13.097710609436035,1.1172994375228882,237.49511874353547,148.1261126638136,16.997304916381836,1.3124417066574097,0.000999000999000999,0.10466726256199942,2.545753240585327,0.007037704373412306,0.11083491037178157,20306334.313574344,0.2061336785554886,6.152637481689453,3.2456512451171875,10.158843040466309,2.03009033203125,3.8489482402801514,0.35568222403526306,0.23202009499073029,0.46142303943634033,0.06677962094545364,8644.5634765625,0.269576758146286,0.19999999999999998,0.0,0.16401910781860352,8.90098908712389e-06,4.419813649292337e-06,0.8038227558135986,4.033184810431356e-12,0.03214478865265846,216900,0.1
1.0,1.0,4.603992437475266,5.638968926947093,3.7903830519764434,5.764852895624674,6.0471249045660205,13.031441688537598,3.094181776046753,0.0526784211397171,0.030140526592731476,0.07789169251918793,0.01356215588748455,0.6680593494783369,0.2572910611737576,3.9099297523498535,0.016265926882624626,0.009573787450790405,0.024808555841445923,0.004545515403151512,0.4769599437713623,59.46162796020508,4306.4990234375,42.911739349365234,2839.08154296875,64.16522979736328,68.32051086425781,471725.96875,3.917335033416748,494.714111328125,23.348222732543945,1114.88525390625,16.059871673583984,630.271484375,5.909279823303223,12.10909366607666,29881.2734375,0.29499027132987976,4.237359523773193,19.0168514251709,444.70550537109375,11.068937301635742,281.63214111328125,2.596008777618408,7.678741931915283,3152.529296875,0.10771340876817703,0.8291364312171936,12.380416870117188,6.945450782775879,20.172996520996094,4.032534599304199,3.4922447204589844,0.6044949293136597,0.46662795543670654,0.7081700563430786,0.07113689184188843,1.81528902053833,0.9667865037918091,2.855757474899292,0.5614064931869507,6.907703399658203,1.901942253112793,3.12774658203125,2968.139404296875,0.5744255744255746,0.8727325306272675,0.30848099269151896,10.632268905639648,72707.02474864552,13.026273727416992,1.0704154968261719,265.54979225442685,152.5815093735371,16.958740234375,1.2175967693328857,0.000999000999000999,0.10363320889636679,2.401548385620117,0.009218019399943008,0.1272544025276688,19887728.428336088,0.18806567788124084,7.055054664611816,4.21382999420166,11.419992446899414,2.0337629318237305,3.855372905731201,0.35251569747924805,0.2285839468240738,0.47782444953918457,0.06854361295700073,8421.10546875,0.26878631114959717,0.05,0.0,0.3749798536300659,1.972066456801258e-06,4.47363049715932e-07,0.5099626183509827,1.5968485214679085e-11,0.1150551438331604,217200,0.06666666666666667
1.0,1.0,4.694660872674207,5.841034570443412,3.8712680348537694,5.730666112175674,6.064160108471225,12.00171184539795,6.187540054321289,0.06016191840171814,0.040770888328552246,0.0786743313074112,0.011990509927272797,0.678518324985839,0.24725574986148216,9.42341136932373,0.023510416969656944,0.011376229114830494,0.03663700819015503,0.007335560396313667,0.4593150019645691,49.846229553222656,2880.404541015625,40.69130325317383,2252.6474609375,55.5501594543457,19.403066635131836,104998.9609375,1.2123064994812012,160.1339874267578,22.201757431030273,1183.71923828125,15.129035949707031,767.7671508789062,6.530025005340576,9.5084867477417,27425.658203125,0.20632082223892212,2.914576530456543,15.742876052856445,472.19512939453125,11.513648986816406,308.661865234375,3.036411762237549,5.681515216827393,3728.22314453125,0.10434398055076599,0.8638585805892944,7.605203628540039,3.4668333530426025,11.139240264892578,2.5447919368743896,1.8397597074508667,0.4320796728134155,0.26575785875320435,0.5874419212341309,0.08824573457241058,0.9202051758766174,0.41710156202316284,1.6990089416503906,0.36870691180229187,6.16093635559082,1.6062465906143188,3.2985658645629883,3207.780517578125,0.6129134023870866,0.9046742730953258,0.33892423366107577,9.838274955749512,68903.36814357282,11.996757507324219,1.1494303941726685,371.92690691961803,236.2673283220532,15.482706069946289,1.2129559516906738,0.000999000999000999,0.10778694989221305,1.3858989477157593,0.006086760883099773,0.09986271946641158,16042911.886593688,0.16970959305763245,8.565463066101074,5.853569507598877,12.317522048950195,2.0097978115081787,2.130857229232788,0.4996475875377655,0.322095662355423,0.6205167770385742,0.08063449710607529,6387.6953125,0.2739957571029663,0.5,0.0,0.4379895031452179,1.1962424650846515e-06,4.025588623335352e-06,0.5557461977005005,1.9800027502986373e-12,0.0062591154128313065,217800,0.03333333333333333
1.0,1.0,4.698210767625972,5.632360139233566,3.9649069048401606,5.81529580148242,6.13238398289863,13.009754180908203,5.611126899719238,0.06183028966188431,0.03708275407552719,0.09044529497623444,0.01691383682191372,0.6709940578331028,0.24740212305627057,5.99416446685791,0.02104935608804226,0.01110942754894495,0.0313868410885334,0.006100492551922798,0.47172120213508606,59.101806640625,4080.05908203125,43.580318450927734,2644.868896484375,65.09918212890625,67.03038024902344,439461.53125,3.7156834602355957,501.99200439453125,24.97494125366211,1147.79638671875,16.274070739746094,644.5808715820312,6.743837356567383,14.212257385253906,31806.71875,0.2839551568031311,5.300774574279785,19.07004165649414,472.85528564453125,11.77857494354248,300.82196044921875,3.1702880859375,8.736149787902832,4801.09814453125,0.12559598684310913,1.2894307374954224,11.3867769241333,5.625509262084961,19.673337936401367,4.297361373901367,3.344747543334961,0.5860734581947327,0.46044909954071045,0.6888091564178467,0.06900660693645477,1.6786038875579834,0.9930198788642883,2.4566807746887207,0.44149279594421387,6.8034796714782715,1.7592580318450928,3.1985435485839844,3125.000732421875,0.5786056049213943,0.8721804511278195,0.31784005468216,10.693550109863281,72182.22787571148,13.004312515258789,1.0909879207611084,272.6262331084559,164.20399453944876,16.64331817626953,1.2359790802001953,0.000999000999000999,0.11016614963983384,2.336184024810791,0.008733391688192203,0.09702294578362597,19876347.9297192,0.21465548872947693,6.633677959442139,3.710279941558838,9.591986656188965,1.6738290786743164,3.783217668533325,0.3708927631378174,0.2723376452922821,0.4749913215637207,0.058720774948596954,8287.2724609375,0.2689670920372009,0.125,0.0,0.13396607339382172,1.961809721251484e-05,2.4527323603251716e-06,0.8553661108016968,2.0319803131774172e-11,0.010645808652043343,218100,0.13333333333333333
1.0,1.0,4.6709430991308,5.677271814815724,3.9322233652534795,5.761687998953005,6.090346569621051,13.013275146484375,4.949604511260986,0.06696335226297379,0.03949712589383125,0.0957624688744545,0.016361340880393982,0.6697278934961174,0.3137821844032592,4.628303050994873,0.020480744540691376,0.010077288374304771,0.032515570521354675,0.006081069819629192,0.4742322564125061,62.49786376953125,4241.529296875,43.839778900146484,2765.34765625,64.20500946044922,79.90931701660156,500547.65625,3.6307992935180664,492.4431457519531,27.102994918823242,1014.6593017578125,17.001937866210938,656.7631225585938,6.846608638763428,18.16053009033203,23981.45703125,0.2876228392124176,6.1153764724731445,20.456796646118164,437.8653564453125,12.099096298217773,294.61767578125,3.063566207885742,12.27798080444336,4029.400146484375,0.11907025426626205,1.2252956628799438,9.261905670166016,4.5508575439453125,16.451997756958008,3.453152894973755,3.4074673652648926,0.5593489408493042,0.403494656085968,0.6742716431617737,0.07548093050718307,1.5769628286361694,0.7916905283927917,2.4787731170654297,0.4889756739139557,6.857500076293945,1.9177422523498535,3.141190528869629,3119.369140625,0.5721062563167826,0.875101506680454,0.31262889157626,10.700258255004883,72462.79919044192,13.008089065551758,1.0644081830978394,256.7904480999757,157.7688587892405,16.991764068603516,1.2261322736740112,0.000999000999000999,0.10882100355784567,2.295466423034668,0.007349635415831349,0.1294841359864804,19816420.719094515,0.19434861838817596,6.032984256744385,3.97849702835083,8.88619327545166,1.5327433347702026,4.544070720672607,0.38023579120635986,0.2761434018611908,0.5030638575553894,0.06715670973062515,8285.3486328125,0.27041125297546387,0.2555555555555556,0.0,0.22054442763328552,1.2244872777955607e-05,1.0050179071185994e-06,0.7479214668273926,1.934171746376112e-11,0.03152082860469818,219000,0.3
1.0,1.0,4.613721792634415,5.595126555928245,3.755659929761409,5.7842535404463105,6.101308409697185,12.9470796585083,3.4250476360321045,0.057022739201784134,0.030342131853103638,0.09446052461862564,0.01823320798575878,0.6673180648457935,0.3289142668319697,5.4202094078063965,0.014522343873977661,0.0071021257899701595,0.022823849692940712,0.004476706497371197,0.4652566909790039,62.87269973754883,4161.58837890625,43.617431640625,2770.2626953125,63.69575119018555,77.27758026123047,465962.28125,2.8654825687408447,425.2224426269531,25.565988540649414,931.5910034179688,17.01784324645996,612.3615112304688,6.2732625007629395,16.352197647094727,19877.228515625,0.2177918702363968,4.415963649749756,18.53874397277832,379.3284606933594,12.149188041687012,264.54193115234375,2.683412790298462,8.645480155944824,2536.859619140625,0.0973428413271904,0.7844619750976562,12.340720176696777,5.306150913238525,21.284690856933594,4.584217548370361,2.605452537536621,0.6296515464782715,0.5155274868011475,0.7074066996574402,0.05950292944908142,2.0269076824188232,1.2846735715866089,2.824448347091675,0.49474087357521057,6.808528900146484,1.8704243898391724,3.17244029045105,2974.31640625,0.5744255744255745,0.8787177734546155,0.3099882573566784,10.592694282531738,72373.4550001028,12.941695213317871,1.0918959379196167,228.03244693842635,135.8743088093593,16.888429641723633,1.255488634109497,0.000999000999000999,0.1056662635610004,2.0541231632232666,0.00691960488107491,0.13180725734655796,19462439.61034755,0.19286198914051056,6.179759502410889,3.481085777282715,9.48249340057373,1.8101924657821655,2.6085023880004883,0.32520756125450134,0.24569769203662872,0.4066210091114044,0.04950247332453728,8342.3095703125,0.2698630392551422,0.19999999999999998,0.0,0.23875053226947784,1.4674529893454746e-06,4.311355496611213e-06,0.6763727068901062,4.091510810710908e-11,0.08487092703580856,219300,0.1
1.0,1.0,4.815958873936392,5.751668734128617,4.216902396085011,5.75426939810244,6.11914013142175,12.979205131530762,4.117703914642334,0.07443425804376602,0.03578006476163864,0.11229303479194641,0.02010488323867321,0.6772154799678868,0.21646921725370039,4.424278259277344,0.030941441655158997,0.01537757832556963,0.05275896191596985,0.01194172166287899,0.4728061854839325,60.213016510009766,4275.34033203125,43.75397872924805,2495.999267578125,66.0519027709961,90.69448852539062,435969.71875,3.0685973167419434,551.733642578125,30.46548843383789,1051.8944091796875,16.827735900878906,615.08544921875,7.905954360961914,18.942415237426758,25146.265625,0.32389986515045166,7.662479877471924,21.244455337524414,581.9186401367188,14.125999450683594,391.22564697265625,4.36566162109375,8.591472625732422,10508.056640625,0.17076466977596283,2.3021240234375,8.291234016418457,4.034655570983887,18.058422088623047,3.9884989261627197,2.641615867614746,0.549397349357605,0.4012930393218994,0.6825679540634155,0.08197687566280365,1.5412160158157349,0.784883439540863,2.4008421897888184,0.48524078726768494,6.640800476074219,1.469168782234192,3.2955386638641357,3381.682373046875,0.5810505284189494,0.8787528261212473,0.3194174246805826,10.542724609375,71460.07773165496,12.976451873779297,1.1300991773605347,195.15627301625963,102.45939092654623,16.524585723876953,1.3428930044174194,0.000999000999000999,0.1234554918765445,2.238367795944214,0.008210491438598668,0.06160811224618237,19735252.328062497,0.3144133687019348,5.346792697906494,2.9183921813964844,8.275640487670898,1.437496304512024,4.396894454956055,0.37638580799102783,0.27633073925971985,0.5153473615646362,0.07037294656038284,7345.173828125,0.27260687947273254,0.4,0.0,0.2500039339065552,0.000835037266369909,2.90107209366397e-07,0.7357707619667053,2.7050826856278576e-12,0.013389966450631618,219600,0.03333333333333333
1.0,1.0,4.737874805409318,5.6544006383486645,3.9638254283834065,5.804335572448381,6.124819816967483,13.441934585571289,5.95438814163208,0.06595231592655182,0.03734734654426575,0.10458451509475708,0.02084999904036522,0.6727270554032243,0.27490399144974276,4.964062690734863,0.02106427773833275,0.010855955071747303,0.0329427495598793,0.006242287345230579,0.4758188724517822,65.95603942871094,4359.12109375,46.20878982543945,2831.55517578125,70.13282775878906,89.95610046386719,494026.6875,3.62359619140625,531.0429077148438,28.51165771484375,1056.5439453125,17.86741065979004,660.1552124023438,7.235348701477051,20.100494384765625,25336.01171875,0.26989227533340454,5.462070465087891,18.762338638305664,441.89483642578125,13.254618644714355,298.59954833984375,3.797314167022705,7.191523551940918,4056.48193359375,0.12295911461114883,1.4337358474731445,9.852864265441895,4.531994342803955,16.995092391967773,3.7803077697753906,3.432279586791992,0.5695660710334778,0.43169793486595154,0.6771364808082581,0.06801430881023407,1.6298545598983765,0.9019604921340942,2.448162794113159,0.4519546926021576,6.94956111907959,1.8195263147354126,3.2790474891662598,3249.790283203125,0.5652242494347757,0.8619696093380304,0.3096692780903307,11.032695770263672,73032.24501896031,13.436431884765625,1.1250108480453491,241.726608511931,154.4173509120971,17.169816970825195,1.2653197050094604,0.000999000999000999,0.1178085072821915,2.3270366191864014,0.007439047067200423,0.12769384149183885,21411247.123965498,0.24097582697868347,6.175436496734619,3.3852601051330566,9.574681282043457,1.889142632484436,4.379931449890137,0.3743038773536682,0.27432262897491455,0.48683300614356995,0.06277167052030563,8992.8876953125,0.27008673548698425,0.22000000000000003,0.0,0.17442961037158966,0.00010626848234096542,3.061744109800202e-06,0.8055235147476196,8.251841918105463e-12,0.01993744820356369,219900,0.16666666666666666
1.0,1.0,4.802576484472142,5.772074460543656,4.102722586609436,5.789441260055969,6.154034672004003,13.207683563232422,4.685547351837158,0.07724005728960037,0.04208296909928322,0.11068788915872574,0.02027890458703041,0.6759444771802913,0.29773386132909707,6.299437046051025,0.02186051569879055,0.01145861204713583,0.03557109460234642,0.007068954408168793,0.4645538032054901,64.3749771118164,4231.96630859375,44.40541458129883,2721.510498046875,66.24164581298828,71.9853286743164,541944.0625,3.4789187908172607,520.2263793945312,28.1513729095459,1127.449951171875,17.67439842224121,693.0538940429688,7.9807915687561035,17.40355110168457,25913.193359375,0.316678524017334,8.231931686401367,20.01997947692871,556.0028686523438,13.684802055358887,337.2315979003906,4.317790985107422,10.103617668151855,7028.49365234375,0.1842101365327835,2.6351568698883057,7.58098840713501,3.7518837451934814,14.084431648254395,3.0574207305908203,2.9800426959991455,0.5245279669761658,0.369475394487381,0.6528961658477783,0.08948702365159988,1.4038276672363281,0.6890621781349182,2.2725131511688232,0.5000881552696228,6.938459873199463,1.7777856588363647,3.124164342880249,3434.230224609375,0.565022696601644,0.8691045796308954,0.3073330178593337,10.889622688293457,73016.61558466022,13.202012062072754,1.0566918849945068,261.1833093732984,167.9263041759446,17.24703598022461,1.2142316102981567,0.000999000999000999,0.11860946071472388,2.2997090816497803,0.006983287203907695,0.11462990768702484,20488330.74933582,0.18766774237155914,5.661306381225586,3.1670446395874023,9.396269798278809,1.8446683883666992,4.992778301239014,0.40106192231178284,0.2803824841976166,0.5376392006874084,0.0792670026421547,8147.13916015625,0.26984015107154846,0.21666666666666667,0.0,0.20226745307445526,0.0001222934079123661,1.554436835249362e-06,0.7309845089912415,1.682857152240924e-11,0.06662417948246002,221100,0.2
1.0,1.0,4.959815967633631,5.829759682527945,4.240402455500403,5.797704175738831,6.220751074558488,13.652226448059082,5.724472522735596,0.08221994340419769,0.0490998700261116,0.11295868456363678,0.018568098545074463,0.6811331878837786,0.20769447080911352,3.6907799243927,0.026371603831648827,0.014399160631000996,0.03818842023611069,0.006788692437112331,0.4625571370124817,63.707252502441406,3912.02197265625,46.63762664794922,2601.83740234375,69.92784118652344,70.55286407470703,425156.25,3.1301352977752686,444.03497314453125,30.16064453125,1078.6990966796875,20.323139190673828,695.0450439453125,9.843132972717285,15.388574600219727,20068.400390625,0.27699390053749084,7.395705223083496,26.497528076171875,688.1942138671875,17.748435974121094,424.2958068847656,7.268949031829834,16.398365020751953,12782.658203125,0.48834022879600525,10.349491119384766,6.620626926422119,3.375885009765625,12.193323135375977,2.7225089073181152,3.132223606109619,0.4865509867668152,0.32578417658805847,0.625777542591095,0.09336843341588974,1.2697218656539917,0.5735641717910767,2.1877055168151855,0.5083959102630615,7.2147111892700195,1.9236891269683838,3.1248960494995117,3840.844482421875,0.5492402334507599,0.8564382985435616,0.294537041905463,11.228978157043457,74582.1442120157,13.646997451782227,1.0574320554733276,355.9177190931549,214.19031584109956,17.910430908203125,1.17007315158844,0.000999000999000999,0.14465534465534463,2.1375508308410645,0.008015151022268689,0.08800833185148393,21938346.63343036,0.20636001229286194,5.524880409240723,3.3473453521728516,7.729322910308838,1.2359665632247925,3.690650224685669,0.43464475870132446,0.3023011088371277,0.570676326751709,0.08173181861639023,8035.8701171875,0.26908475160598755,0.38,0.0,0.14108344912528992,0.03792617470026016,4.673476723837666e-06,0.8075118064880371,1.7390764175950757e-11,0.013473840430378914,221400,0.16666666666666666
1.0,1.0,4.822248814705951,5.694319815919493,4.011333218401262,5.812346105173294,6.172520224987456,13.59945297241211,4.856346607208252,0.06593843549489975,0.036741096526384354,0.1012466698884964,0.019050313159823418,0.6740428281703847,0.20592094343757988,4.2065815925598145,0.021093104034662247,0.011027158237993717,0.033938661217689514,0.006609473843127489,0.46935656666755676,62.60194396972656,4182.4716796875,45.418060302734375,2763.925048828125,70.60504913330078,79.7792739868164,499610.28125,3.4090194702148438,576.187744140625,25.979829788208008,1085.77978515625,17.553150177001953,668.3807983398438,7.8772125244140625,14.665976524353027,28393.232421875,0.26058030128479004,6.015705108642578,22.222902297973633,576.93798828125,14.421440124511719,362.9715881347656,5.2225141525268555,12.697700500488281,9282.2060546875,0.28720879554748535,5.633728981018066,9.858392715454102,4.62560510635376,18.195938110351562,4.021197319030762,3.5139594078063965,0.5484258532524109,0.4043932259082794,0.6757925152778625,0.08072906732559204,1.5117418766021729,0.793921172618866,2.4538450241088867,0.5001484155654907,7.110134601593018,1.883097529411316,3.1125242710113525,3417.7294921875,0.5546249416218456,0.8581325794948087,0.30077971564039674,11.22068977355957,74011.95474935346,13.594223022460938,1.048253059387207,287.5855360017185,182.1035176572464,17.612211227416992,1.2140958309173584,0.000999000999000999,0.13343931610185478,2.286494255065918,0.00788802380188901,0.08031852457922074,21892927.73086127,0.1710575968027115,6.622969627380371,3.8341705799102783,10.652172088623047,1.9891489744186401,3.966177463531494,0.3942265808582306,0.2708975374698639,0.5127978920936584,0.07243267446756363,8778.2666015625,0.26964589953422546,0.23529411764705882,0.0,0.11639327555894852,0.000805430521722883,1.1215910262762918e-06,0.8469241857528687,5.387517255234231e-12,0.03587602078914642,221700,0.5666666666666667
1.0,1.0,4.75199173924643,5.681270974676941,4.009165208824696,5.8079273469775945,6.179889625232887,13.536590576171875,5.511685371398926,0.06350242346525192,0.03742899373173714,0.0957118421792984,0.017446577548980713,0.6721003315231779,0.21407182193814991,4.548657417297363,0.02115987241268158,0.01159659679979086,0.033229704946279526,0.006425718776881695,0.4709506034851074,63.82447052001953,4375.28466796875,46.079471588134766,2869.73046875,69.94854736328125,79.02474975585938,556505.875,3.6203792095184326,567.48095703125,26.38543701171875,1102.200927734375,17.517833709716797,674.4000854492188,7.329294204711914,14.539558410644531,27900.3125,0.2766993045806885,6.246115684509277,20.56594467163086,456.9035949707031,13.49146842956543,310.39544677734375,3.5986690521240234,10.455429077148438,4420.27197265625,0.13566163182258606,1.5472779273986816,10.299924850463867,4.663113594055176,17.873414993286133,3.8424413204193115,2.903029203414917,0.5796062350273132,0.412983775138855,0.6970787644386292,0.07845493406057358,1.6993598937988281,0.8279604911804199,2.759164810180664,0.5586978793144226,7.094688415527344,1.9258455038070679,3.1791844367980957,3256.35986328125,0.5574195541300805,0.8609416898890583,0.3017278773857721,11.121801376342773,73853.67189357625,13.530821800231934,1.0849061012268066,349.452805335832,215.37800957099768,17.55496597290039,1.2388534545898438,0.000999000999000999,0.11496069719753929,2.3176162242889404,0.00731707639040448,0.08831638465602194,21706529.893057674,0.18540392816066742,6.343487739562988,3.6888022422790527,9.545684814453125,1.769554615020752,4.254546642303467,0.3740042448043823,0.2552871108055115,0.4999397397041321,0.0712302029132843,9038.5234375,0.27175888419151306,0.225,0.0,0.10854648053646088,0.0002690303372219205,6.167407491375343e-07,0.8508366942405701,4.1053410670954804e-12,0.04034721851348877,222000,0.5333333333333333
1.0,1.0,4.721501592047058,5.686059095081563,3.951817230193005,5.848301773028335,6.185005977751866,13.829076766967773,5.344022750854492,0.06098614260554314,0.03400648757815361,0.09267878532409668,0.017168011516332626,0.6704197250402462,0.22687241685044668,3.9181554317474365,0.019427146762609482,0.010448744520545006,0.030398843809962273,0.005871014669537544,0.4780291020870209,69.01657104492188,4464.560546875,47.181461334228516,2886.57421875,73.3025894165039,110.746337890625,534049.8125,3.7287282943725586,643.6823120117188,24.647586822509766,1121.7845458984375,16.72301483154297,684.015869140625,7.173885822296143,13.447148323059082,27866.724609375,0.28499361872673035,6.237009048461914,18.90338134765625,474.58697509765625,12.299144744873047,301.0390319824219,3.175051689147949,8.677348136901855,4649.1953125,0.11741243302822113,1.2541173696517944,10.819470405578613,5.090647220611572,19.742483139038086,4.30325174331665,3.870177745819092,0.5759980082511902,0.4362536072731018,0.7022310495376587,0.07759041339159012,1.6385860443115234,0.8836265802383423,2.6429450511932373,0.5238193273544312,7.2288641929626465,1.9624803066253662,3.1583168506622314,3230.093017578125,0.5465832413200835,0.852014652014652,0.2969066021697601,11.412398338317871,74588.44379820237,13.823424339294434,1.0676616430282593,367.5925094057997,211.74916422298367,17.939790725708008,1.2393240928649902,0.0009990009990009994,0.10806737122526595,2.391571283340454,0.0074087855939247264,0.08970771797989079,22841070.664655272,0.19100485742092133,6.735452175140381,4.0408453941345215,10.152661323547363,1.8464385271072388,4.456727504730225,0.37844276428222656,0.25713294744491577,0.4921587109565735,0.0697665736079216,9433.8837890625,0.272065132856369,0.22666666666666668,0.0,0.12892450392246246,0.000629735819529742,1.5677240980949136e-06,0.8059688806533813,2.7981039360525095e-11,0.06447535753250122,222300,0.5
1.0,1.0,4.697533682890028,5.667778959286713,3.9607656125366733,5.796090642633831,6.137660859454894,13.183393478393555,3.9167449474334717,0.06126782298088074,0.03612484037876129,0.09068363159894943,0.015080483630299568,0.6691852445978868,0.22381960338077675,4.169926643371582,0.02022465504705906,0.010056865401566029,0.029688190668821335,0.005580306053161621,0.47873568534851074,67.88307189941406,4119.0654296875,45.8328857421875,2744.53662109375,66.72703552246094,119.9595718383789,501079.5,3.9535064697265625,669.0499267578125,26.443567276000977,1010.2576904296875,16.76969337463379,641.1856079101562,6.7990403175354,17.569377899169922,25247.078125,0.3054489493370056,5.9058685302734375,20.926374435424805,420.17047119140625,12.880375862121582,293.23602294921875,3.1055901050567627,14.022311210632324,3663.739013671875,0.12372412532567978,1.3421986103057861,10.801755905151367,5.5923333168029785,17.381336212158203,3.3764426708221436,3.1053521633148193,0.5874127745628357,0.46686768531799316,0.6882632970809937,0.06483326852321625,1.6804548501968384,1.0065422058105469,2.5430397987365723,0.45047783851623535,6.934016227722168,1.8207660913467407,3.192614793777466,3115.118408203125,0.5700194542299806,0.8714864083285135,0.3092065828907934,10.769529342651367,72948.6754739403,13.177412033081055,1.0986355543136597,281.1332193869002,151.18336604401202,17.049070358276367,1.319392204284668,0.000999000999000999,0.10882801409117197,2.4935905933380127,0.0063518629157037045,0.09128175902962268,20565919.22132336,0.19817623496055603,6.429798126220703,4.167044162750244,9.669320106506348,1.5854370594024658,3.6988251209259033,0.36854690313339233,0.2591094374656677,0.4646420478820801,0.05946817249059677,8592.2158203125,0.2711257338523865,0.22000000000000003,0.0,0.17555031180381775,0.000297871622024104,9.113477972277906e-07,0.7381582260131836,1.508728732224629e-11,0.08599265664815903,222600,0.16666666666666666
1.0,1.0,4.788704838183584,5.736671553538569,4.0635142345519135,5.811927432089992,6.169889057683375,13.703545570373535,4.206286907196045,0.06784452497959137,0.03819364681839943,0.10138940066099167,0.01874711737036705,0.6728466423573318,0.23344943919321803,4.352785587310791,0.02211623266339302,0.012218893505632877,0.034576814621686935,0.0066332402639091015,0.47582679986953735,65.12769317626953,4242.72216796875,46.5512580871582,2716.8271484375,71.91177368164062,84.97921752929688,500369.0,3.5312795639038086,581.9490356445312,25.813859939575195,998.899658203125,17.594079971313477,672.4995727539062,7.864763259887695,13.771621704101562,19996.75390625,0.27733805775642395,6.577262878417969,20.67839241027832,450.4774169921875,13.5035982131958,316.2665710449219,4.0366291999816895,10.459160804748535,4157.7001953125,0.14749063551425934,1.965409755706787,9.594842910766602,4.603484153747559,17.095905303955078,3.748554229736328,3.5390968322753906,0.5558380484580994,0.4109710156917572,0.6825902462005615,0.07996628433465958,1.5610251426696777,0.802245020866394,2.6045806407928467,0.5361354947090149,7.175114154815674,1.902254581451416,3.1920998096466064,3381.236328125,0.5514164198374725,0.857031857031857,0.298067429646377,11.226561546325684,74299.19060782855,13.69809627532959,1.0940423011779785,292.655658456046,182.8197012995491,17.76793670654297,1.2557966709136963,0.000999000999000999,0.11720735404945931,2.3096795082092285,0.007308897079527959,0.0951479249423114,22353801.72222222,0.19812896847724915,6.280758857727051,3.393191337585449,10.018795013427734,1.9154866933822632,3.6780781745910645,0.3867202699184418,0.2575142979621887,0.5122147798538208,0.07462632656097412,8749.6962890625,0.2693697214126587,0.23888888888888893,0.0,0.14276424050331116,0.00017356676107738167,6.063496584829409e-07,0.7993081212043762,3.452996569230926e-11,0.057753484696149826,222900,0.6
1.0,1.0,4.727408261017518,5.6857011701235844,3.9410363350462148,5.853484510878239,6.216280498970476,13.632392883300781,5.333252906799316,0.06082089990377426,0.03142176941037178,0.10956747829914093,0.02372828498482704,0.6693006013569078,0.1844924727723647,2.431230068206787,0.01878010295331478,0.010604429058730602,0.03322944417595863,0.007055504247546196,0.4639417827129364,65.90950012207031,4424.6416015625,45.10627365112305,2838.115966796875,68.98748779296875,79.14840698242188,563399.5625,3.522918939590454,439.07220458984375,24.198902130126953,947.5526733398438,16.76390838623047,646.9221801757812,7.091104507446289,16.27207374572754,25489.126953125,0.3411388695240021,8.982136726379395,17.665124893188477,414.1681823730469,11.158034324645996,283.7469177246094,3.110659599304199,7.946757793426514,5021.49658203125,0.18720710277557373,2.0132641792297363,11.252298355102539,4.81721305847168,20.478496551513672,4.582103252410889,3.2170443534851074,0.5958934426307678,0.4539896547794342,0.7350262403488159,0.0866292268037796,1.806054711341858,0.9068228006362915,3.3357834815979004,0.7110319137573242,7.221292018890381,1.8749946355819702,3.0520875453948975,3246.138671875,0.5432988064567011,0.8556706451443293,0.2931805037068195,11.244888305664062,74586.91122976117,13.626132011413574,1.0208091735839844,276.6620457518583,185.3360211103856,17.99213981628418,1.131218433380127,0.000999000999000999,0.10673536989326463,2.238267183303833,0.006806255118215107,0.06459262508695994,21824142.21087459,0.1602877974510193,6.832655906677246,2.293015956878662,10.986969947814941,2.997959613800049,4.49595832824707,0.36026066541671753,0.21841520071029663,0.4970318377017975,0.08447714895009995,9664.2421875,0.2684164047241211,0.1,0.0,0.42647597193717957,0.0009800922125577927,4.969933229403978e-07,0.4748331606388092,2.2998658533168737e-11,0.09771031141281128,223500,0.03333333333333333
1.0,1.0,4.961391246515561,5.8205260848664055,4.196726296070881,5.857565484454295,6.228961028591157,14.138169288635254,4.628739833831787,0.07660502195358276,0.04234619066119194,0.11612576991319656,0.021788083016872406,0.6788061346662672,0.20185465917563258,4.96157693862915,0.026307759806513786,0.012835890054702759,0.040380485355854034,0.00801913347095251,0.47501158714294434,71.45052337646484,4288.82958984375,48.08758544921875,2748.060546875,76.74431610107422,105.61225128173828,556781.1875,4.17024564743042,767.5401000976562,28.735490798950195,1061.1878662109375,19.578161239624023,720.505859375,9.785768508911133,15.298148155212402,23586.796875,0.34526684880256653,9.58851146697998,28.61979866027832,874.9775390625,17.38420295715332,465.6051940917969,7.8153977394104,22.644136428833008,29506.384765625,0.8657369613647461,26.68513298034668,8.140095710754395,3.5931177139282227,15.99776840209961,3.634364366531372,3.617955207824707,0.5208650231361389,0.36922016739845276,0.6582738757133484,0.08132519572973251,1.3417643308639526,0.7044327855110168,2.198458433151245,0.43441179394721985,7.391907215118408,2.0374152660369873,3.161127805709839,3843.2529296875,0.5385623148781044,0.8446071472387261,0.2908232118758434,11.631941795349121,75406.24656530161,14.13210678100586,1.0751794576644897,334.16034046537106,214.0277047572532,18.288745880126953,1.2508856058120728,0.0009990009990009992,0.14647633068685703,2.510516881942749,0.008888044750583222,0.07240604352005142,24095516.19318757,0.1870439648628235,6.0728678703308105,3.268437147140503,9.484063148498535,1.83052396774292,5.102911472320557,0.4158988296985626,0.29348593950271606,0.5307488441467285,0.06935765594244003,9171.123046875,0.2709749639034271,0.2166666666666667,0.0,0.13516250252723694,0.008378634229302406,1.3859553291695192e-06,0.8221988677978516,1.9446159960079257e-11,0.0342586487531662,223800,0.4
1.0,1.0,4.722467128495275,5.682573624736205,3.9263668408523023,5.839913174909996,6.17074914607004,13.59904956817627,4.454227924346924,0.06411687284708023,0.03611715883016586,0.09504371136426926,0.017065998166799545,0.6716695569168056,0.2231744549335323,4.4915571212768555,0.01969968155026436,0.009910110384225845,0.030870839953422546,0.006397074554115534,0.4823898673057556,66.79541015625,4668.96533203125,45.6346549987793,2936.984375,71.5246353149414,92.4716567993164,663911.9375,4.700415134429932,804.159423828125,24.923654556274414,950.1233520507812,16.32482147216797,650.7059936523438,6.914816379547119,13.207531929016113,20029.1484375,0.30959075689315796,6.358238220214844,20.09101676940918,449.4676208496094,11.723442077636719,290.18060302734375,3.146528720855713,8.501689910888672,3728.36767578125,0.12947528064250946,1.3012430667877197,10.444933891296387,5.313660621643066,19.036388397216797,4.2084431648254395,3.239367961883545,0.5927988290786743,0.44529518485069275,0.7124079465866089,0.07862541079521179,1.7767465114593506,0.9408137202262878,2.8020288944244385,0.5678024291992188,7.110408782958984,1.9162483215332031,3.183110237121582,3195.907958984375,0.5589936379410062,0.8590357011409644,0.30403280929596727,11.120363235473633,73786.01471552301,13.593525886535645,1.0892877578735352,380.2381600301716,228.55514823778685,17.4500675201416,1.2856471538543701,0.0009990009990009992,0.11123613228876386,2.672685146331787,0.007882740069309597,0.0907114898380848,22233350.398950413,0.19496431946754456,5.972166061401367,3.646068572998047,9.288858413696289,1.7091619968414307,4.4229230880737305,0.3567989766597748,0.2552574574947357,0.4703495502471924,0.06569923460483551,9206.8046875,0.27241864800453186,0.19,0.0,0.16735592484474182,0.0011325653176754713,1.557607561153418e-06,0.6807078123092651,5.5017018718572785e-11,0.15080216526985168,224100,0.3333333333333333
1.0,1.0,4.800994591243771,5.798159674556477,4.127998782454248,5.842782094637684,6.127098034188961,13.892786979675293,4.791502475738525,0.06306028366088867,0.03588961809873581,0.09518822282552719,0.016924992203712463,0.6740454558392016,0.20837888959921416,4.190748691558838,0.023472720757126808,0.01157746184617281,0.03791872784495354,0.007674267049878836,0.48172393441200256,66.06551361083984,5336.24609375,46.69623947143555,3137.58203125,72.51172637939453,77.27108001708984,956076.6875,4.252472400665283,601.2105102539062,24.817026138305664,1053.4134521484375,17.122159957885742,716.1627807617188,8.05128002166748,11.708282470703125,25057.572265625,0.32907554507255554,7.272588729858398,19.806509017944336,520.36962890625,13.3870849609375,349.8182373046875,4.23162317276001,8.968701362609863,6357.47900390625,0.2189091593027115,3.147258758544922,10.296296119689941,4.878127574920654,19.35651969909668,4.274444103240967,3.05483078956604,0.5507568717002869,0.40679851174354553,0.6817905902862549,0.07811643928289413,1.6064156293869019,0.8606993556022644,2.613452911376953,0.5123669505119324,7.359699726104736,1.9167670011520386,3.1055967807769775,3497.525390625,0.5424750687908583,0.8474858474858472,0.2917258180416075,11.469666481018066,75154.74961361232,13.887017250061035,1.0449767112731934,327.1791400101557,207.18786721707195,18.11305046081543,1.1792484521865845,0.000999000999000999,0.11434179855232489,2.4745209217071533,0.00694670784596575,0.08413104412350048,23029002.838522702,0.20301055908203125,6.679763317108154,3.8031187057495117,9.834653854370117,1.699775218963623,3.751399278640747,0.39359235763549805,0.27814555168151855,0.5058950781822205,0.06587667018175125,9700.8701171875,0.2723444402217865,0.09999999999999999,0.0,0.13142000138759613,0.0012367558665573597,2.2618230559601216e-06,0.7222136855125427,3.282242880264796e-11,0.14512737095355988,224400,0.2
1.0,1.0,4.840196611863955,5.776977541284553,4.111250738474565,5.844736074104517,6.219058509033884,14.072362899780273,5.083873748779297,0.07125800102949142,0.04353438317775726,0.10495495796203613,0.01851671002805233,0.6753158332616613,0.2116016741327596,4.769238471984863,0.023758143186569214,0.01324164867401123,0.03796498477458954,0.00725451810285449,0.4758285880088806,66.58540344238281,4582.1533203125,47.20757293701172,2871.38330078125,75.09609985351562,86.54150390625,654582.4375,3.762045383453369,659.93310546875,25.641887664794922,1086.564453125,18.126264572143555,705.7398681640625,8.4700345993042,13.044116973876953,25093.1953125,0.3447535037994385,8.779024124145508,22.476701736450195,509.80792236328125,13.936572074890137,338.29046630859375,4.44384765625,11.647756576538086,5617.1416015625,0.19193589687347412,2.8918166160583496,8.3174467086792,3.9800171852111816,14.330459594726562,3.0751333236694336,3.434422254562378,0.5119198560714722,0.36306363344192505,0.6386858224868774,0.07705371081829071,1.303445816040039,0.6674394607543945,2.115696907043457,0.41961967945098877,7.398705959320068,1.975676417350769,3.1142125129699707,3558.180419921875,0.5361546348388453,0.8457890793417109,0.28907934171092065,11.575883865356445,75475.43721654077,14.066843032836914,1.0518863201141357,328.72675903039385,211.97286587682382,18.382898330688477,1.2177807092666626,0.000999000999000999,0.11791497975708501,2.394740581512451,0.006699464445425967,0.08500282329924937,23715753.814021513,0.1762411892414093,6.511707305908203,3.825064182281494,9.739757537841797,1.7617241144180298,4.426640033721924,0.4270293116569519,0.30511903762817383,0.5461263656616211,0.06954971700906754,9337.728515625,0.27074962854385376,0.23125,0.0,0.128213033080101,0.012822017073631287,5.362468073144555e-06,0.8283775448799133,2.007043420348964e-10,0.030582061037421227,224700,0.5333333333333333
1.0,1.0,4.863586383598547,5.815188654286557,4.202800746363686,5.8147948549961095,6.19842068205622,14.033493995666504,4.9921441078186035,0.0728316530585289,0.04136638715863228,0.11152055859565735,0.021172059699892998,0.6788026950791565,0.22288084624189253,5.622809410095215,0.027512457221746445,0.014209801331162453,0.04516192153096199,0.008913334459066391,0.4748572111129761,70.81124877929688,4314.3095703125,48.345088958740234,2746.446044921875,78.30480194091797,123.92439270019531,602006.375,4.275026798248291,1205.4410400390625,29.54254913330078,1217.1729736328125,18.95765495300293,731.8667602539062,9.034008979797363,18.452674865722656,32231.033203125,0.36727428436279297,10.660372734069824,23.435028076171875,546.0106201171875,14.980290412902832,354.41729736328125,4.971311569213867,12.811934471130371,6738.38232421875,0.2101457267999649,3.856769323348999,7.911037921905518,3.5328080654144287,14.328907012939453,3.2664096355438232,3.623380184173584,0.48487234115600586,0.3411921560764313,0.6222490668296814,0.08182608336210251,1.169590711593628,0.6231554746627808,1.9120312929153442,0.389480322599411,7.25261116027832,1.9855509996414185,3.2524468898773193,3643.19580078125,0.5493594125173072,0.8502479976164187,0.2975515712357818,11.42440414428711,74656.16637455729,14.027480125427246,1.1114236116409302,334.9461922332459,210.91771399332688,17.864770889282227,1.3242460489273071,0.0009990009990009994,0.11997125681336208,2.6117959022521973,0.00721481409552599,0.09056621813797786,24109123.987628024,0.18796047568321228,6.79348611831665,3.8430328369140625,10.576834678649902,1.992095947265625,4.849938869476318,0.448085755109787,0.3249220550060272,0.5569651126861572,0.06885915249586105,9046.7880859375,0.26995351910591125,0.30666666666666664,0.0,0.1301005631685257,0.0033057231921702623,1.6798425122033223e-06,0.8512963652610779,6.650238519589902e-12,0.015295579098165035,225000,0.5
1.0,1.0,4.873787257286258,5.764279276734286,4.107841794991007,5.832188152419462,6.19550499785053,13.880383491516113,4.5676655769348145,0.06647302210330963,0.03559492528438568,0.1031169518828392,0.019446710124611855,0.6768647628133756,0.20162252945288703,4.812463760375977,0.023266412317752838,0.012404467910528183,0.0364382378757,0.006847521755844355,0.48159655928611755,66.89783477783203,5111.25732421875,46.6060676574707,2968.906494140625,73.25033569335938,95.2027359008789,916605.5,4.789841651916504,813.4318237304688,27.26044464111328,1136.4398193359375,18.07569694519043,720.0618286132812,8.618073463439941,13.793197631835938,30913.5078125,0.3341541588306427,8.687638282775879,23.17963981628418,631.0579223632812,14.434416770935059,384.2757873535156,5.445423126220703,13.512805938720703,9922.4501953125,0.3248523771762848,5.939085006713867,9.040295600891113,4.033023834228516,17.045486450195312,3.842460870742798,3.506706476211548,0.5149580240249634,0.38200613856315613,0.6520353555679321,0.08212018013000488,1.2861642837524414,0.7324731349945068,2.167578935623169,0.4426058232784271,7.3206024169921875,1.9254827499389648,3.1064300537109375,3618.921875,0.5442364652890969,0.849707310233626,0.2948455053718212,11.449448585510254,74893.1511588126,13.874370574951172,1.0499107837677002,312.0714638825546,195.4204661614643,18.04878044128418,1.2472670078277588,0.0009990009990009992,0.13252098778414564,2.6813275814056396,0.0076172485691395515,0.074340254462058,23232879.81920464,0.16482067108154297,7.142221927642822,3.9136874675750732,11.223937034606934,2.2025558948516846,4.760552406311035,0.4290194809436798,0.2955085337162018,0.5356354713439941,0.07197120040655136,9348.34765625,0.2730957567691803,0.225,0.0,0.1737247258424759,0.00248349760659039,4.841249392484315e-07,0.7365608215332031,8.123099415335844e-12,0.08723045140504837,225600,0.4
1.0,1.0,4.747135154201481,5.715557797230564,4.030526336225628,5.882963577774109,6.225762260885368,13.668482780456543,5.02053165435791,0.06593450158834457,0.041968315839767456,0.09978285431861877,0.01739105023443699,0.6745135311843361,0.24556038247973674,3.0923538208007812,0.02231682650744915,0.013820387423038483,0.03437785804271698,0.006077459082007408,0.46288296580314636,66.02078247070312,3956.4931640625,45.43379592895508,2571.656982421875,70.51724243164062,71.27031707763672,384142.0,2.683781385421753,440.7533874511719,28.025197982788086,950.3032836914062,17.897214889526367,666.7788696289062,7.57284688949585,15.301949501037598,16627.36328125,0.25523772835731506,5.657419681549072,20.754236221313477,475.9447937011719,13.860346794128418,311.3765563964844,3.2964096069335938,9.860262870788574,5042.65185546875,0.128583624958992,1.3758209943771362,9.40320873260498,4.292999267578125,14.346518516540527,3.124621629714966,3.717183828353882,0.5640697479248047,0.4273066520690918,0.6913389563560486,0.07746923714876175,1.5060254335403442,0.8509116768836975,2.506176710128784,0.4961071014404297,7.166917324066162,1.9191536903381348,3.0698471069335938,3342.916015625,0.5486969171179698,0.854724223145276,0.2951960320381373,11.291725158691406,74415.72898583549,13.662673950195312,1.0271354913711548,366.436746018552,237.92464423128862,17.897850036621094,1.157582402229309,0.000999000999000999,0.10398373556268294,2.0175225734710693,0.006144576475082486,0.10171309532502176,21975850.038979005,0.17932401597499847,6.38744592666626,4.5162672996521,10.115774154663086,1.7638717889785767,3.8479883670806885,0.39684805274009705,0.2609611451625824,0.5071931481361389,0.0722346380352974,8536.7529296875,0.27061185240745544,0.20000000000000004,0.0,0.038404349237680435,0.000998522387817502,1.5531503549937042e-06,0.9464578628540039,9.593649659411785e-12,0.014137770049273968,226500,0.1
1.0,1.0,4.9888996477058125,5.91557893231163,4.418032187645807,5.853854482345391,6.2720599328507785,14.135331153869629,5.621070384979248,0.12435439974069595,0.07114429026842117,0.17046037316322327,0.027079422026872635,0.685111010179185,0.27715670273538806,4.743607044219971,0.040505655109882355,0.02291344292461872,0.06909538060426712,0.012801800854504108,0.46970513463020325,71.22737121582031,3702.27734375,53.22990798950195,2449.735107421875,79.72515869140625,110.8848876953125,284935.84375,4.67323112487793,847.111083984375,36.34709930419922,1130.9686279296875,22.319717407226562,749.880615234375,11.751763343811035,32.52251434326172,31562.96484375,0.4832473397254944,18.199798583984375,38.31357955932617,543.87353515625,19.550968170166016,393.3465576171875,6.697713851928711,51.47280502319336,6362.4765625,0.2925243675708771,6.991579532623291,3.5049266815185547,1.6318272352218628,6.324226379394531,1.2957160472869873,3.922518730163574,0.40726161003112793,0.24703586101531982,0.5317185521125793,0.07451550662517548,0.9049322009086609,0.4008769989013672,1.4339967966079712,0.28420504927635193,7.1594367027282715,1.8637733459472656,3.4567818641662598,4059.88818359375,0.5490299174509702,0.8473105841526896,0.30495819969504173,11.621943473815918,74115.1359084993,14.128467559814453,1.213166356086731,366.22516316082175,218.11056576684146,17.87586212158203,1.3794100284576416,0.000999000999000999,0.12608444187391557,2.671689033508301,0.00796413512307869,0.12001618661226497,24307629.82767594,0.1763840615749359,3.9690539836883545,2.4542369842529297,6.215348243713379,1.1265695095062256,2.357804536819458,0.4697015583515167,0.3498998284339905,0.5913445949554443,0.07087916135787964,8037.42529296875,0.27365535497665405,0.4,0.0,0.14365491271018982,0.05135732144117355,2.6037383804577985e-07,0.8040205836296082,1.3464369593221837e-12,0.0009669053833931684,226800,0.03333333333333333
1.0,1.0,4.951670663976366,5.873660484841502,4.29564848596685,5.74450845482318,6.141720535089883,12.712221145629883,5.246956825256348,0.08033155649900436,0.04823198541998863,0.11952441930770874,0.023389486595988274,0.6832342053714552,0.19159948848199573,3.709225654602051,0.025212006643414497,0.01548280380666256,0.03352723270654678,0.005766341928392649,0.47525861859321594,63.88751220703125,3481.211181640625,41.03297805786133,2261.582275390625,60.727840423583984,62.96533203125,364209.90625,2.880831480026245,407.86065673828125,27.04155158996582,850.0357055664062,19.980554580688477,697.176513671875,9.19979476928711,13.708114624023438,12851.517578125,0.2724252939224243,7.284895896911621,19.729496002197266,630.9098510742188,15.112220764160156,431.53485107421875,6.641022205352783,5.9826860427856445,8721.3837890625,0.22806136310100555,3.7516746520996094,5.806554317474365,2.7514755725860596,10.233501434326172,2.1517350673675537,3.694275379180908,0.4281386435031891,0.30429622530937195,0.5336501002311707,0.0714002475142479,0.8933529853820801,0.48253336548805237,1.3654460906982422,0.2659450173377991,6.735914707183838,1.8076423406600952,3.0103302001953125,3739.584716796875,0.582365003417635,0.8805930911194069,0.3144749986855249,10.461326599121094,71955.47296477597,12.706184387207031,0.9970249533653259,338.38332441392873,219.37730980468896,16.667367935180664,1.1687830686569214,0.000999000999000999,0.1421736158578264,2.126883029937744,0.008576611715192195,0.06112672591388994,18593564.71890995,0.13816231489181519,6.804835319519043,3.1165850162506104,10.265323638916016,2.3271749019622803,2.9939968585968018,0.49938181042671204,0.3691895604133606,0.622570276260376,0.07363132387399673,6758.1904296875,0.2722285985946655,0.3,0.0,0.4407694935798645,0.002870396478101611,8.463506446787505e-07,0.49276381731033325,1.4714774537738506e-11,0.06359537690877914,227400,0.03333333333333333
1.0,1.0,4.750528171006373,5.685075284252711,3.9970986808156828,5.8016239374578795,6.154719634694426,13.245311737060547,4.119319438934326,0.06840532273054123,0.038697872310876846,0.10736071318387985,0.02107868157327175,0.6739396197405473,0.22680317672234515,5.492980480194092,0.022064348682761192,0.012636959552764893,0.03409777581691742,0.006446646060794592,0.48678699135780334,64.92868041992188,3787.574462890625,45.6845588684082,2631.064697265625,67.00516510009766,79.95931243896484,311870.1875,2.883467435836792,432.4273376464844,28.166662216186523,1059.4617919921875,17.447038650512695,664.6347045898438,7.237220764160156,22.46074676513672,27421.328125,0.2537233531475067,5.7198486328125,20.10630226135254,501.915283203125,12.693122863769531,315.3256530761719,3.6740024089813232,10.861016273498535,5178.6484375,0.16404680907726288,1.8502556085586548,8.872483253479004,3.938272476196289,16.23719024658203,3.6458442211151123,2.6425206661224365,0.526594877243042,0.3522694408893585,0.6525868773460388,0.0850740447640419,1.4139071702957153,0.633763313293457,2.31662917137146,0.4830739200115204,6.924520492553711,1.844689965248108,3.206873893737793,3280.4921875,0.5650402229349598,0.8701649227965017,0.3061675166938325,10.829264640808105,73019.43728264826,13.239720344543457,1.0977751016616821,296.6398008409988,195.22233582080358,17.231733322143555,1.2410730123519897,0.000999000999000999,0.1177243808822756,2.0863280296325684,0.006225884359636527,0.10678263687183082,20521465.530042592,0.1550278514623642,6.589280605316162,3.6769912242889404,9.728043556213379,1.8879799842834473,3.482042074203491,0.42083263397216797,0.2959463894367218,0.5563576817512512,0.07628048211336136,8108.6875,0.27552852034568787,0.19999999999999998,0.0,0.13430917263031006,7.737591658951715e-05,1.1510319382068701e-06,0.708085834980011,1.8179757829347998e-12,0.15752649307250977,227700,0.2
1.0,1.0,4.765208597629034,5.752626752246449,4.015275196186163,5.763453807360378,6.180001292154841,13.190930366516113,2.7403619289398193,0.07676636427640915,0.041153810918331146,0.12405839562416077,0.02414431795477867,0.6732989266776203,0.18460662271157724,4.623847961425781,0.020773019641637802,0.012003641575574875,0.03107576258480549,0.005378820933401585,0.5004734992980957,55.60894012451172,4684.0166015625,43.68695068359375,2803.011474609375,65.89918518066406,54.45500564575195,1162841.25,4.835750579833984,624.2490234375,23.049251556396484,1020.0180053710938,16.71009063720703,683.678466796875,7.504901885986328,13.799799919128418,20914.859375,0.3371227979660034,7.205348968505859,20.841352462768555,479.1999206542969,12.352734565734863,314.5366516113281,3.6019887924194336,7.99637508392334,4497.953125,0.1646101176738739,1.7501287460327148,7.684654235839844,3.2304892539978027,14.987005233764648,3.3903863430023193,2.201585292816162,0.518416702747345,0.3889122009277344,0.6608278751373291,0.08616991341114044,1.3338778018951416,0.7531437873840332,2.2229115962982178,0.4600905478000641,6.9695329666137695,1.8961271047592163,3.0963361263275146,3359.5341796875,0.5690099374309903,0.8673431831326568,0.3098743361901256,10.911264419555664,72966.89788434538,13.185620307922363,1.0502328872680664,437.7410055268224,278.18967367790805,17.11581802368164,1.212953805923462,0.000999000999000999,0.11330774488669226,2.617396831512451,0.007321215153382488,0.06292959803960821,20639790.67440343,0.1754823625087738,5.739671230316162,3.508711338043213,8.017772674560547,1.3359606266021729,4.0737104415893555,0.41225823760032654,0.2914418578147888,0.5235880613327026,0.07193365693092346,8398.7373046875,0.2781120240688324,0.1,0.0,0.17215099930763245,0.0036815698258578777,4.3147036876689526e-07,0.7846114635467529,1.403649982703592e-12,0.03955554962158203,228000,0.06666666666666667
1.0,1.0,4.713918262314464,5.7506899145288495,3.9356417360616045,5.781616505146224,6.154729940280711,13.014811515808105,4.505545139312744,0.0541243702173233,0.03151009604334831,0.08290384709835052,0.015275605022907257,0.6748653019729414,0.23985022610832837,4.04942512512207,0.017598973587155342,0.009565864689648151,0.02648482657968998,0.004963358864188194,0.500907301902771,61.99894714355469,4661.171875,43.576839447021484,2699.25048828125,65.76165771484375,76.02164459228516,896617.8125,4.136806011199951,625.6058959960938,22.0308837890625,1053.87939453125,16.358427047729492,698.36181640625,6.99800443649292,9.732291221618652,22979.361328125,0.2925637662410736,4.970118522644043,18.95505142211914,480.16943359375,12.337000846862793,307.4674377441406,3.0993282794952393,8.476956367492676,5050.81494140625,0.12272017449140549,1.0440770387649536,11.09581470489502,4.985192775726318,20.451475143432617,4.655429840087891,2.41620135307312,0.5354965329170227,0.37524867057800293,0.689117968082428,0.09407800436019897,1.4263461828231812,0.6858143210411072,2.6348607540130615,0.5939416885375977,6.761161804199219,1.8105894327163696,3.1920783519744873,3244.756103515625,0.5819443714180556,0.8716984769616349,0.31995197784671464,10.759567260742188,71925.96869765238,13.009369850158691,1.0881760120391846,305.7109585815911,184.39288166475794,16.584394454956055,1.2644046545028687,0.000999000999000999,0.10578894789421106,2.509148359298706,0.006835145032476008,0.08604601458485206,20024614.45687515,0.19274897873401642,8.400845527648926,4.629445552825928,13.008732795715332,2.4129652976989746,3.733755111694336,0.4237384796142578,0.2674066424369812,0.5579065680503845,0.08808935433626175,8058.85546875,0.27650779485702515,0.13333333333333333,0.0,0.06969622522592545,0.004507504869252443,1.0281333970851847e-06,0.8769456744194031,2.1497894610311707e-12,0.048849623650312424,228300,0.2
1.0,1.0,4.73000610031177,5.706448545953521,4.006251315569086,5.824310372326205,6.216421920425586,13.30761432647705,3.4968032836914062,0.06456257402896881,0.03669087961316109,0.10860272496938705,0.02104906179010868,0.6735916810774664,0.19770693232745207,3.496411085128784,0.021282494068145752,0.010279669426381588,0.03418347239494324,0.0066341799683868885,0.49172255396842957,62.7805290222168,4050.50390625,43.642642974853516,2653.851318359375,68.3051528930664,79.70082092285156,465991.46875,3.4799880981445312,645.1370239257812,23.68090057373047,907.059814453125,16.23354148864746,650.5696411132812,7.127526760101318,10.248651504516602,16353.921875,0.2926591634750366,5.591342926025391,16.919029235839844,408.1872863769531,11.64669132232666,290.3282165527344,3.1109657287597656,5.122068405151367,3118.934814453125,0.13128544390201569,1.1500883102416992,9.828524589538574,3.9704513549804688,17.723777770996094,3.973893880844116,3.254945755004883,0.5563642978668213,0.4585707485675812,0.6621207594871521,0.06169724836945534,1.4841876029968262,0.9950416088104248,2.2483928203582764,0.38828182220458984,6.930721759796143,1.7633155584335327,3.094221353530884,3268.1279296875,0.5695883064304118,0.8653101284680232,0.30962020435704646,10.971402168273926,73034.62018081178,13.301566123962402,1.0411180257797241,343.95926864301714,203.54454079765574,17.136032104492188,1.22053062915802,0.000999000999000999,0.10663021189336978,2.3699400424957275,0.00622316837090817,0.09127187188150954,20932004.268714786,0.13490676879882812,6.636831283569336,3.302082061767578,10.587336540222168,1.9772807359695435,3.1547346115112305,0.39271676540374756,0.29372501373291016,0.48219823837280273,0.05772016942501068,8161.689453125,0.276937335729599,0.16666666666666666,0.0,0.19924764335155487,0.012114782817661762,1.0860885595320724e-06,0.7445204854011536,7.479554302303182e-12,0.044115956872701645,228600,0.1
